PRAGMA foreign_keys=OFF;
BEGIN TRANSACTION;
CREATE TABLE files (
  id INTEGER PRIMARY KEY,
  relpath TEXT UNIQUE NOT NULL,
  description TEXT
);
INSERT INTO files VALUES(1,'game/ui/BattleGrid.qml','Battle grid UI component for block management and states');
INSERT INTO files VALUES(2,'game/DebugScene.qml','Debug scene orchestrating game state visualization and testing');
INSERT INTO files VALUES(3,'game/factory.js','Factory layer linking game scenes and wiring signals');
INSERT INTO files VALUES(4,'game/data/PowerupItem.qml','Powerup item data model and energy calculations');
INSERT INTO files VALUES(5,'game/data/PowerupDatabase.qml','Local storage wrapper storing powerup definitions and loadouts');
INSERT INTO files VALUES(6,'game/ui/PowerupCard.qml','Visual card for displaying individual powerup stats and energy');
INSERT INTO files VALUES(7,'game/ui/PowerupCatalog.qml','Catalog grid for browsing and selecting powerups');
INSERT INTO files VALUES(8,'game/PowerupEditor.qml','Editor scene for creating and modifying powerups');
INSERT INTO files VALUES(9,'game/ui/MatchSetup.qml','Match setup screen for customizing loadouts before fights');
INSERT INTO files VALUES(10,'game/ui/BattleCardSidebar.qml','Sidebar UI for pre-match selected powerup cards with drag support');
INSERT INTO files VALUES(11,'game/ui/PowerupHero.qml','Visual placeholder representing a powerup hero placed on the grid');
INSERT INTO files VALUES(12,'game/data/PowerupCardModel.qml,description=Runtime Powerup card data helper storing energy/hero state','Shared data bridge between cards and hero instances');
INSERT INTO files VALUES(13,'game/MainMenuScene.qml','Main menu scene UI wiring');
INSERT INTO files VALUES(14,'Main.qml','Top-level window wiring');
INSERT INTO files VALUES(15,'wheel.sh','CLI helper for WHEEL database');
INSERT INTO files VALUES(16,'CMakeLists.txt','CMake configuration for the Blockwars30 Qt Quick application.');
INSERT INTO files VALUES(17,'game/SinglePlayerScene.qml','Placeholder GameScene reserved for single-player gameplay layout.');
INSERT INTO files VALUES(18,'game/ui/GridColumn.qml','Column ListView template that spawns placeholder GameDragItems for prototype grid column experiments.');
INSERT INTO files VALUES(19,'game/ui/BlockExplodeParticles.qml','Particle effect container that bursts multiple emitters to simulate a block explosion.');
INSERT INTO files VALUES(20,'game/ui/MenuButton.qml','Wrapper around Qt Quick Controls Button preconfigured for menu layout usage.');
INSERT INTO files VALUES(21,'game/ui/Block.qml','Visual block component that swaps between idle, launch, and explode states while coordinating drop registration.');
INSERT INTO files VALUES(22,'game/ui/GridCell.qml','Drop-enabled grid cell that tracks the assigned drag item and updates visuals based on occupancy.');
INSERT INTO files VALUES(23,'game/ui/BattleQueueOrchestrator.qml',NULL);
INSERT INTO files VALUES(24,'game/ui/Hud.qml','HUD placeholder Item reserved for future overlays.');
INSERT INTO files VALUES(25,'game/data/PowerupCardModel.qml',NULL);
INSERT INTO files VALUES(26,'game/data/BattleGridStateMachine.qml','Battle grid-specialized state machine component that augments the engine template to manage initialization transitions via the battle event queue.');
INSERT INTO files VALUES(27,'engine/GameContainer.qml','Placeholder Item that currently exists as a convenience hook for future container-specific logic.');
INSERT INTO files VALUES(28,'engine/GameSpriteSheetItem.qml','Sprite-driven dynamic item that proxies AnimatedSprite settings and emits start/end callbacks for effects.');
INSERT INTO files VALUES(29,'engine/GameScene.qml','Central scene coordinator that tracks named items, wires drag/drop lifecycles, and emits gameplay events.');
INSERT INTO files VALUES(30,'engine/GameDropItem.qml','DropArea wrapper that exposes drag enter/exit signals and can auto-center compatible GameDragItem payloads.');
INSERT INTO files VALUES(31,'engine/GameDynamicItem.qml','Convenience subclass of AbstractGameItem that enforces the presence of scene and item name metadata.');
INSERT INTO files VALUES(32,'engine/GameStaticItem.qml','Static variant of AbstractGameItem kept for parity with dynamic items when no extra behavior is needed.');
INSERT INTO files VALUES(33,'engine/AbstractGameItem.qml','Reusable base item that auto-registers with a GameScene and hosts child content via a Loader.');
INSERT INTO files VALUES(34,'engine/GameDragAndSwapItem.qml','Specialized drag item that tracks match-3 grid positions to support swap logic layered on GameDragItem.');
INSERT INTO files VALUES(35,'engine/GameLayout.qml','GridLayout alias used for arranging menu components with potential future custom behavior.');
INSERT INTO files VALUES(36,'engine/GameDragItem.qml','Primary draggable wrapper that synchronizes loaded content with drag gestures and reports lifecycle through signals.');
INSERT INTO files VALUES(37,'engine/GameStateMachine.qml','Reusable component template that produces a generic state machine QtObject with transition registry support.');
INSERT INTO files VALUES(38,'lib/PromiseTimer.qml','Thin Timer wrapper used by the promise utility to schedule callbacks.');
INSERT INTO files VALUES(39,'lib/Promise.qml','QtObject wrapper around the JS Promise library that exposes QML-friendly resolve/reject hooks and signals.');
INSERT INTO files VALUES(40,'game/layouts.js','Layout utilities used by BattleGrid and other grid-based views to translate linear indexes to coordinates.');
INSERT INTO files VALUES(41,'images.qrc','Qt resource collection listing sprite and UI assets bundled with the application.');
INSERT INTO files VALUES(42,'lib/promise.js','Promise library port that mirrors JavaScript Promise semantics for QML, including combinators and timers.');
INSERT INTO files VALUES(43,'lib/qmldir','Module manifest exposing the Promise JS library and QML wrapper under `PromiseLib`.');
INSERT INTO files VALUES(44,'main.cpp','Qt application entry point that registers the image resource bundle, exposes the Pool type, and loads the Blockwars30 QML module.');
INSERT INTO files VALUES(45,'pool.cpp','Implementation backing Pool that reads resource data and cycles through numeric and color outputs.');
INSERT INTO files VALUES(46,'pool.h','QObject-derived pool that serves deterministic random numbers and color names to QML consumers.');
INSERT INTO files VALUES(47,'WHEEL.db','SQLite metadata store defined in AGENTS.md for file/function and change tracking.');
INSERT INTO files VALUES(48,'game/ui/GridShakeEffector.qml','Battle grid shake effector component animating translate offsets');
INSERT INTO files VALUES(49,'game/ui/BattleGridHealthBar.qml','Displays a health progress bar synced to a battle grid''s main health.');
INSERT INTO files VALUES(50,'game/scripts/battlegrid.js','Shared battle grid helper logic used by BattleGrid for match detection and state utilities.');
INSERT INTO files VALUES(51,'game/AIGamePlayer.qml','AI helper that watches battle grid state and requests match-producing swaps automatically.');
CREATE TABLE defs (
  id INTEGER PRIMARY KEY,
  file_id INTEGER NOT NULL,
  type TEXT NOT NULL,
  signature TEXT,
  parameters TEXT,
  description TEXT,
  FOREIGN KEY(file_id) REFERENCES files(id)
);
INSERT INTO defs VALUES(1,1,'signal','distributeBlockLaunchPayload(payload)','payload','Emitted when a block launch payload is generated within this grid before augmentation.');
INSERT INTO defs VALUES(2,1,'signal','distributedBlockLaunchPayload(payload)','payload','Broadcast payload describing a launch event including grid context for scene listeners.');
INSERT INTO defs VALUES(3,1,'function','receiveLocalBlockLaunchPayload(payload)','payload','Augments a locally generated launch payload with this grid''s UUID before rebroadcasting.');
INSERT INTO defs VALUES(4,1,'function','calculateLaunchDamage(payload)','payload','Resolves incoming launch damage for a column, routing hits through hero bindings, triggering shake feedback, and returning breach metadata.');
INSERT INTO defs VALUES(5,1,'function','launchMatchedBlocks()','','Transitions matched blocks into launch state and emits launch events for each.');
INSERT INTO defs VALUES(6,1,'property','property string uuid','','Unique identifier assigned to each battle grid instance for payload attribution.');
INSERT INTO defs VALUES(7,1,'property','property int mainHealth','','Tracks the battle grid''s current health, automatically clamped between zero and mainHealthMax for launch overflow.');
INSERT INTO defs VALUES(8,3,'function','createBlock(blockComp, dragComp, parent, gameScene, opts)','blockComp, dragComp, parent, gameScene, opts','Constructs a block with paired drag item and registers the pair with the scene.');
INSERT INTO defs VALUES(9,3,'function','registerBattleGrid(battleGrid)','battleGrid','Attaches battle-grid specific signal wiring such as launch payload relay hooks.');
INSERT INTO defs VALUES(10,2,'function','receiveBattleGridLaunchPayload(payload)','payload','Routes launch payloads between battle grids and triggers damage calculations.');
INSERT INTO defs VALUES(11,1,'signal','informBlockLaunchEndPoint(payload, endX, endY)','payload, endX, endY','Notifies listeners of the resolved launch endpoint position with damage summary.');
INSERT INTO defs VALUES(12,1,'function','getEntryAt(row, column)','row, column','Convenience wrapper returning the block entry at the specified grid coordinates.');
INSERT INTO defs VALUES(13,2,'function','forwardBlockLaunchEndPoint(payload, endX, endY)','payload, endX, endY','Relays resolved launch endpoints back to the originating grid to update visuals.');
INSERT INTO defs VALUES(14,1,'property','property var __launchRelayRegistered','','Internal guard flag ensuring signal wiring is only registered once per grid instance.');
INSERT INTO defs VALUES(15,1,'signal','informPostSwapCascadeStatus(payload)','payload','Broadcasts the grid''s post-swap cascade status to peer grids.');
INSERT INTO defs VALUES(16,1,'property','property bool postSwapCascading','','Flags when the grid is processing match cascades triggered by a swap.');
INSERT INTO defs VALUES(17,1,'function','distributePostSwapCascadeStatus()','','Emits the current post-swap cascade status payload to listeners.');
INSERT INTO defs VALUES(18,1,'function','informOpponentPostSwapCascadeStatus(payload)','payload','Responds to an opponent''s cascade status; resumes compaction if the peer has finished cascading.');
INSERT INTO defs VALUES(22,2,'property','property var turnCoordinator','','Tracks offense/defense grids awaiting turn state synchronization.');
INSERT INTO defs VALUES(23,2,'function','normalizeState(value)','value','Utility converting a state value into its lowercase form for comparisons.');
INSERT INTO defs VALUES(24,2,'function','finalizeTurnStateSync()','','Sets offense grid idle and defense grid waiting once the previous turn finishes.');
INSERT INTO defs VALUES(25,2,'function','synchronizeTurnStateIfReady()','','Timer callback ensuring the defending grid reaches idle before handing control to the attacker.');
INSERT INTO defs VALUES(26,2,'function','handleTurnSwitch()','','Initiates turn state synchronization when the active player flips.');
INSERT INTO defs VALUES(27,2,'function','distributePostSwapCascade(payload)','payload','Forwards post-swap cascade status to the opposing grid.');
INSERT INTO defs VALUES(28,1,'property','property var launchSequence','','Sequence of grid coordinates used to launch matched blocks in snake order.');
INSERT INTO defs VALUES(29,1,'property','property int launchSequenceIndex','','Index into the launch sequence indicating the next coordinate to process.');
INSERT INTO defs VALUES(34,1,'function','buildLaunchSequence()','','Constructs the snake-order traversal used for sequential block launches.');
INSERT INTO defs VALUES(35,1,'function','prepareLaunchSequence()','','Initializes the launch sequence and resets iteration state before launching blocks.');
INSERT INTO defs VALUES(36,1,'function','triggerLaunchForEntry(entry, row, column)','entry, row, column','Switches a matched entry into launch state and emits a payload annotated with block color and origin metadata.');
INSERT INTO defs VALUES(37,1,'function','stopAllStateTimers()','','Stops all automation timers before transitioning to a new state.');
INSERT INTO defs VALUES(38,1,'function','checkCompactStateCompletion()','','Advances to fill once compaction settles and only idle or empty slots remain.');
INSERT INTO defs VALUES(39,1,'function','checkFillStateCompletion()','','Moves the grid into match state once every cell is populated and idle.');
INSERT INTO defs VALUES(40,1,'function','evaluateMatchState()','','Determines whether to launch matched blocks or return to idle after matching.');
INSERT INTO defs VALUES(41,1,'function','checkLaunchStateCompletion()','','Waits for launched blocks to resolve before returning to compact.');
INSERT INTO defs VALUES(42,1,'function','launchNextMatchedBlock()','','Launches the next matched block in the precomputed snake pattern.');
INSERT INTO defs VALUES(43,4,'function','normalizedHeroSpan(value)','value:number','Clamp hero row/column span inputs between 1 and 6 for downstream sizing logic.');
INSERT INTO defs VALUES(44,4,'function','ensureHeroSpanDefaults()',NULL,'Normalizes both hero span properties so drag and placement math always receives valid bounds.');
INSERT INTO defs VALUES(45,5,'function','normalizeHeroSpan(value)','value:number','Utility used by the database layer to coerce persisted hero dimensions into the valid 1-6 range.');
INSERT INTO defs VALUES(46,12,'function','ensureEnergyWithinBounds()',NULL,'Clamps accumulated energy to the current requirement and emits energy + activation updates for the runtime card state.');
INSERT INTO defs VALUES(47,12,'function','updateActivationState()',NULL,'Recomputes the activationReady flag whenever energy requirements change.');
INSERT INTO defs VALUES(48,12,'function','gainEnergy(amount)','amount:number','Adds rewarded energy to the card, respecting clamps and re-evaluating activation readiness.');
INSERT INTO defs VALUES(49,12,'function','resetRuntimeState()',NULL,'Clears accumulated energy, hero flags, and drag locks so the card behaves like a fresh selection.');
INSERT INTO defs VALUES(50,12,'function','applyRecord(record)','record:var','Loads database/loadout records into the runtime card, syncing hero spans, energy requirement, and color.');
INSERT INTO defs VALUES(51,12,'function','cloneRecord()',NULL,'Returns a lightweight JS object snapshot of the card state for signaling or hero preview needs.');
INSERT INTO defs VALUES(52,11,'function','heroColor()',NULL,'Derives the hex color used for the hero border based on the assigned card color palette.');
INSERT INTO defs VALUES(53,11,'function','applyCard(record)','record:var','Convenience helper to push a powerup record into the hero for consistent name, color, and span sizing.');
INSERT INTO defs VALUES(54,10,'function','repositionCards()',NULL,'Recomputes card home positions when the sidebar resizes and snaps existing drag items back into place.');
INSERT INTO defs VALUES(55,10,'function','homeXForSlot()',NULL,'Returns the left-aligned X origin so sidebar cards sit against content padding.');
INSERT INTO defs VALUES(56,10,'function','homeYForSlot(slotIndex)','slotIndex:int','Returns the vertical anchor for a given slot index using the configured spacing.');
INSERT INTO defs VALUES(57,10,'function','destroyCards()',NULL,'Destroys all drag items, heroes, and runtime card data before rebuilding the sidebar.');
INSERT INTO defs VALUES(58,10,'function','rebuildCards()',NULL,'Re-creates sidebar cards from the current loadout array, wiring drag + hero handling.');
INSERT INTO defs VALUES(59,10,'function','createCardSlot(slotIndex, record)','slotIndex:int, record:var','Creates the drag wrapper, hero preview, and runtime data object for a specific loadout slot.');
INSERT INTO defs VALUES(60,10,'function','updateDragEnabled(slot)','slot:var','Enables or disables a drag item based on activation state, lock flags, and placement status.');
INSERT INTO defs VALUES(61,10,'function','snapCardHome(slot)','slot:var','Resets a drag item to its resting coordinates and clears any active drag state.');
INSERT INTO defs VALUES(62,10,'function','handleCardDragStart(slot)','slot:var','Entry point for drag gestures that enforces activation gating and kicks off hero previews.');
INSERT INTO defs VALUES(63,10,'function','handleCardDragMove(slot)','slot:var','Updates hero previews while a sidebar card is being dragged.');
INSERT INTO defs VALUES(64,10,'function','handleCardDragEnd(slot)','slot:var','Closes previews, snaps cards home, and emits placement requests whenever a drag completes.');
INSERT INTO defs VALUES(65,10,'function','beginHeroPreview(slot)','slot:var','Makes the associated PowerupHero visible and notifies listeners that previewing has begun.');
INSERT INTO defs VALUES(66,10,'function','updateHeroPreview(slot)','slot:var','Moves the hero preview so it tracks the user drag path.');
INSERT INTO defs VALUES(67,10,'function','endHeroPreview(slot, wasDragging)','slot:var, wasDragging:bool','Hides the hero preview and notifies observers that the preview phase finished.');
INSERT INTO defs VALUES(68,10,'function','positionHero(slot)','slot:var','Aligns the hero overlay with the current drag position to mimic placement on the grid.');
INSERT INTO defs VALUES(69,10,'function','distributeEnergy(blockColor, amount)','blockColor:string, amount:number','Routes earned energy to sidebar cards of the matching color, skipping heroes that have fallen.');
INSERT INTO defs VALUES(70,3,'function','createBattleCardSidebarCard(cardComp, dragComp, heroComp, parent, gameScene, opts)','cardComp:Component, dragComp:Component, heroComp:Component, parent:Item, gameScene:var, opts:var','Constructs a drag-ready PowerupCard wrapper plus optional hero preview for the sidebar selection UI.');
INSERT INTO defs VALUES(71,2,'function','refreshPlayerLoadout()',NULL,'Loads the current PlayerLoadout rows from the powerup DB so the sidebar stays in sync with Match Setup selections.');
INSERT INTO defs VALUES(72,2,'function','registerSidebarForGrid(grid, sidebar)','grid:Item, sidebar:Item','Caches a sidebar reference by battle grid UUID so reward logic can route energy to the right card set.');
INSERT INTO defs VALUES(73,2,'function','sidebarForGrid(grid)','grid:Item','Looks up a registered BattleCardSidebar for the provided grid UUID.');
INSERT INTO defs VALUES(74,2,'function','handleHeroPlacementRequest(cardData, heroItem, sceneX, sceneY)',NULL,'Validates drag drops from the sidebar and finalizes hero placement if the drop is fully over the owning battle grid.');
INSERT INTO defs VALUES(75,2,'function','heroPlacementBoundsValid(grid, cardData, sceneX, sceneY)',NULL,'Checks whether the projected hero footprint fits entirely within the grid surface before allowing placement.');
INSERT INTO defs VALUES(76,2,'function','finalizeHeroPlacement(grid, cardData, heroItem, placedHero, placement)','grid:Item, cardData:var, heroItem:Item, placedHero:Item, placement:var','Commits a hero to the grid, syncs runtime state, and triggers its placement activation.');
INSERT INTO defs VALUES(77,2,'function','processLaunchDamageRewards(sourceGrid, damageResult)',NULL,'Routes destroyed-block energy and breach rewards back to the launching grid''s sidebar.');
INSERT INTO defs VALUES(78,2,'function','refreshOpponentLoadout()',NULL,'Builds a fallback set of powerup cards for the opponent using whatever schema data is available, even if catalog entries are missing.');
INSERT INTO defs VALUES(79,2,'function','safeString(value, fallback)',NULL,'Utility ensuring attacker-provided data always resolves to a non-empty string.');
INSERT INTO defs VALUES(80,2,'function','normalizedPowerupRecord(sourceRecord, slotIndex, prefix)',NULL,'Sanitizes an arbitrary powerup payload into the minimal card structure expected by loadouts and sidebars.');
INSERT INTO defs VALUES(81,2,'function','recordForSlot(records, slotIndex)',NULL,'Picks the best matching record for a slot regardless of whether the source array stores {slot,powerup} tuples or plain objects.');
INSERT INTO defs VALUES(82,2,'function','normalizeLoadout(records, prefix, fillMissingSlots)',NULL,'Produces a four-slot loadout array, optionally filling missing entries with sanitized defaults for remote opponents.');
INSERT INTO defs VALUES(83,2,'function','heroPlacementInfo(grid, cardData, sceneX, sceneY)',NULL,'Computes whether a hero drop is valid plus the snapped row/column and pixel coordinates for placement.');
INSERT INTO defs VALUES(84,2,'function','spawnHeroOnGrid(grid, cardData, placement)',NULL,'Instantiates a PowerupHero inside the given grid using the snapped placement info and returns the Item reference.');
INSERT INTO defs VALUES(85,1,'function','heroPlacementKey(cardUuid)',NULL,'Normalizes the UUID key used to track hero placements on the grid.');
INSERT INTO defs VALUES(86,1,'function','hasHeroForCard(cardUuid)',NULL,'Returns true when a powerup card already has an active hero on this grid.');
INSERT INTO defs VALUES(87,1,'function','heroAreaWithinBounds(row, column, rowSpan, colSpan)',NULL,'Ensures a hero footprint would stay inside the grid before placement.');
INSERT INTO defs VALUES(88,1,'function','heroCellsForArea(row, column, rowSpan, colSpan)',NULL,'Enumerates every grid cell a hero footprint would cover for binding purposes.');
INSERT INTO defs VALUES(89,1,'function','heroAreasOverlap(a, b)',NULL,'Lightweight rectangle intersection helper for comparing hero footprints.');
INSERT INTO defs VALUES(90,1,'function','canPlaceHero(cardUuid, row, column, rowSpan, colSpan)',NULL,'Determines whether a hero can be spawned at the requested footprint without overlapping existing heroes or leaving the grid.');
INSERT INTO defs VALUES(91,1,'function','collectBoundBlocks(row, column, rowSpan, colSpan)',NULL,'Returns the current block wrappers that sit beneath a given hero footprint for later binding logic.');
INSERT INTO defs VALUES(92,1,'function','registerHeroPlacement(cardUuid, heroItem, row, column, rowSpan, colSpan, metadata)',NULL,'Registers a hero on the grid, tagging its card data, footprint, and bound blocks for shared health tracking.');
INSERT INTO defs VALUES(93,1,'function','releaseHeroPlacement(cardUuid)',NULL,'Removes a hero placement entry when the associated card is defeated or despawned.');
INSERT INTO defs VALUES(94,13,'property','property var pendingDebugLoadout','','Stores the selected loadout so DebugScene can be spawned with the latest MatchSetup choices.');
INSERT INTO defs VALUES(95,13,'function','openMatchSetup()','','Activates the MatchSetup loader unless it is already open or a debug scene is running.');
INSERT INTO defs VALUES(96,13,'function','closeMatchSetup(preserveSelection)','preserveSelection','Destroys the MatchSetup overlay and optionally resets pending loadout data when the dialog is dismissed.');
INSERT INTO defs VALUES(97,13,'function','beginDebugScene(loadout)','loadout','Closes MatchSetup, preserves the provided loadout, and spins up a DebugScene instance.');
INSERT INTO defs VALUES(98,2,'property','property var providedLoadout','','Holds MatchSetup-selected cards supplied by MainMenuScene before normalization.');
INSERT INTO defs VALUES(99,2,'function','applyProvidedLoadout(entries)','entries','Normalizes externally provided loadout entries and stores them in playerLoadout for the sidebar.');
INSERT INTO defs VALUES(100,6,'property','property bool interactive','','Toggles the card''s internal click area so parents like BattleCardSidebar can intercept drags.');
INSERT INTO defs VALUES(101,15,'function','require_integer(value, label=''value'')','value,label','Validate that provided value contains only digits; emits fatal error with label when not.');
INSERT INTO defs VALUES(102,15,'function','sql_collect(out_ref, sql)','out_ref,sql','Helper using sqlite3 to populate an array via nameref with query results.');
INSERT INTO defs VALUES(103,15,'function','resolve_file_id(provided_id, relpath, allow_empty=0)','provided_id,relpath,allow_empty','Locate a files.id by explicit id or fuzzy relpath, optionally tolerating missing input when allow_empty=1.');
INSERT INTO defs VALUES(104,15,'function','resolve_def_id(provided_id, signature, file_id='''', allow_empty=0)','provided_id,signature,file_id,allow_empty','Resolve a defs.id using exact or fuzzy signature matching, optionally scoped to a file and tolerant of missing inputs.');
INSERT INTO defs VALUES(105,15,'function','resolve_change_defs_link(def_id, change_id='''', file_id='''')','def_id,change_id,file_id','Return change_defs id + change id pair for a definition, enforcing single match or prompting for explicit identifiers.');
INSERT INTO defs VALUES(106,15,'function','resolve_change_files_link(file_id, change_id='''')','file_id,change_id','Return change_files id + change id pair for a file, requiring explicit selection when multiple rows match.');
INSERT INTO defs VALUES(107,15,'function','sql_nullable_int(value)','value','Format an integer id for SQL insertion, yielding NULL when the value is blank.');
INSERT INTO defs VALUES(108,15,'function','sql_nullable_text(value)','value','Return quoted text for SQL or NULL when the provided string is empty.');
INSERT INTO defs VALUES(109,15,'function','todo_list()',NULL,'List todo table entries joined to change/file/definition metadata in column mode.');
INSERT INTO defs VALUES(110,15,'function','todo_add([args...])','flags','Parse todo add flags, resolve linked ids, and insert a todo row while keeping the SQL dump fresh.');
INSERT INTO defs VALUES(111,15,'function','todo_del(todo_id)','todo_id','Delete a todo entry by id and report the number of rows removed.');
INSERT INTO defs VALUES(112,15,'function','todo_search([args...])','flags','Search todo rows with optional file/definition/change filters and ANDed keyword matching.');
INSERT INTO defs VALUES(113,15,'function','command_todo(args...)','args','Dispatch todo subcommands (list/add/del/search) and validate requested operation.');
INSERT INTO defs VALUES(114,15,'function','changes_list()',NULL,'Emit all change rows with ids, titles, status, and context.');
INSERT INTO defs VALUES(115,15,'function','changes_add([args...])','flags','Parse change metadata flags and insert a new changes row.');
INSERT INTO defs VALUES(116,15,'function','changes_update(change_id, [args...])','change_id,flags','Update title/context/status for an existing change row based on provided flags.');
INSERT INTO defs VALUES(117,15,'function','command_changes(args...)','args','Route changes subcommands (list/add/update) after ensuring a subcommand was provided.');
INSERT INTO defs VALUES(118,15,'function','files_list()',NULL,'List all file records ordered by relpath.');
INSERT INTO defs VALUES(119,15,'function','files_search([args...])','flags','Execute keyword search across file relpaths and descriptions.');
INSERT INTO defs VALUES(120,15,'function','files_add([args...])','flags','Insert a new files row using provided relpath and optional description.');
INSERT INTO defs VALUES(121,15,'function','files_del([args...])','flags','Delete a file record identified by id or relpath.');
INSERT INTO defs VALUES(122,15,'function','files_update([args...])','flags','Update relpath and/or description for a files row, resolving the target by id or relpath.');
INSERT INTO defs VALUES(123,15,'function','command_files(args...)','args','Dispatch files subcommands (list/search/add/del/update) with validation.');
INSERT INTO defs VALUES(124,15,'function','defs_list([args...])','flags','List definition rows joined to files with optional file filters.');
INSERT INTO defs VALUES(125,15,'function','defs_add([args...])','flags','Insert a definition for a given file using supplied type/signature metadata.');
INSERT INTO defs VALUES(126,15,'function','defs_del([args...])','flags','Remove a definition by id or signature (optionally scoped by file).');
INSERT INTO defs VALUES(127,15,'function','defs_update([args...])','flags','Update definition metadata and optionally move the definition to a different file.');
INSERT INTO defs VALUES(128,15,'function','command_defs(args...)','args','Dispatch defs subcommands (list/add/del/update) after verifying input.');
INSERT INTO defs VALUES(129,14,'member','id debugScene','debugScene','Hidden DebugScene instance made visible when the main menu emits `debugChosen`.');
INSERT INTO defs VALUES(130,14,'member','id powerupEditor','powerupEditor','PowerupEditor scene instance shown when the menu requests editing.');
INSERT INTO defs VALUES(131,33,'function','deriveParent()','None','Chooses the visual parent, preferring `gameScene` or `itemParent` when available.');
INSERT INTO defs VALUES(132,33,'function','isUndefined(object)','object','Helper that returns true when a value is strictly `undefined`.');
INSERT INTO defs VALUES(133,33,'function','loadComponent(componentObject)','componentObject','Assigns a new source component to the internal loader.');
INSERT INTO defs VALUES(134,33,'member','property alias itemComponent: abstractGameItemLoader.sourceComponent','itemComponent','Alias to the Loader sourceComponent so callers can swap content.');
INSERT INTO defs VALUES(135,33,'member','property var gameScene','gameScene','Scene reference used for registration and parent derivation.');
INSERT INTO defs VALUES(136,33,'member','property var itemHeight','itemHeight','Stored height for layout tools and metadata syncing.');
INSERT INTO defs VALUES(137,33,'member','property var itemInstance','itemInstance','Slot for the instantiated child content.');
INSERT INTO defs VALUES(138,33,'member','property var itemName','itemName','Scene registration key for this item.');
INSERT INTO defs VALUES(139,33,'member','property var itemParent','itemParent','Optional override for the loaded item''s parent Item.');
INSERT INTO defs VALUES(140,33,'member','property var itemWidth','itemWidth','Stored width for layout tools and metadata syncing.');
INSERT INTO defs VALUES(141,33,'member','property var pendingOffsetX: 0','pendingOffsetX','Reserved horizontal offset for delayed layout adjustments.');
INSERT INTO defs VALUES(142,33,'member','property var pendingOffsetY: 0','pendingOffsetY','Reserved vertical offset for delayed layout adjustments.');
INSERT INTO defs VALUES(143,33,'member','property var sceneX: 0','sceneX','Cached scene-space x coordinate for helpers.');
INSERT INTO defs VALUES(144,33,'member','property var sceneY: 0','sceneY','Cached scene-space y coordinate for helpers.');
INSERT INTO defs VALUES(145,34,'member','property bool isAlreadyDisplaced: false','isAlreadyDisplaced','Flag indicating the block has been moved from its original slot.');
INSERT INTO defs VALUES(146,34,'member','property int columnIndex: 0','columnIndex','Column coordinate inside the owning grid.');
INSERT INTO defs VALUES(147,34,'member','property int rowIndex: 0','rowIndex','Row coordinate inside the owning grid.');
INSERT INTO defs VALUES(148,34,'member','property int sourceIndex: 0','sourceIndex','Original linear index prior to a swap.');
INSERT INTO defs VALUES(149,34,'member','property int startColumn: 0','startColumn','Column at drag start for rollback or analytics.');
INSERT INTO defs VALUES(150,34,'member','property int startRow: 0','startRow','Row at drag start for rollback or analytics.');
INSERT INTO defs VALUES(151,34,'member','property int targetIndex: 0','targetIndex','Target linear index to land on after a swap completes.');
INSERT INTO defs VALUES(152,34,'member','property int visualIndex: 0','visualIndex','Visual ordering hint when animating drag swaps.');
INSERT INTO defs VALUES(153,34,'member','property var entry: null','entry','Reference to the visual block instance bound to this drag item.');
INSERT INTO defs VALUES(154,36,'function','destroySceneItem()','None','Emits `entryDestroyed` so the scene can clean up when the drag item is torn down.');
INSERT INTO defs VALUES(155,36,'member','default property alias content: dragContentWrapper.data','content','Default property alias used to provide the draggable visuals.');
INSERT INTO defs VALUES(156,36,'member','property alias contentItem: dragContentWrapper','contentItem','Alias exposing the wrapper Item for manual positioning.');
INSERT INTO defs VALUES(157,36,'member','property bool animationEnabledX: true','animationEnabledX','Enables or disables the x-axis easing Behavior.');
INSERT INTO defs VALUES(158,36,'member','property bool animationEnabledY: true','animationEnabledY','Enables or disables the y-axis easing Behavior.');
INSERT INTO defs VALUES(159,36,'member','property bool dragActive: false','dragActive','True while the pointer is actively dragging this item.');
INSERT INTO defs VALUES(160,36,'member','property real dragCurrentX: 0','dragCurrentX','Placeholder for tracking the latest drag x coordinate.');
INSERT INTO defs VALUES(161,36,'member','property real dragCurrentY: 0','dragCurrentY','Placeholder for tracking the latest drag y coordinate.');
INSERT INTO defs VALUES(162,36,'member','property real dragStartX: 0','dragStartX','Local x coordinate recorded at the start of a drag.');
INSERT INTO defs VALUES(163,36,'member','property real dragStartY: 0','dragStartY','Local y coordinate recorded at the start of a drag.');
INSERT INTO defs VALUES(164,36,'member','property var animationDurationX: 200','animationDurationX','Duration in milliseconds for the x-axis easing when repositioning.');
INSERT INTO defs VALUES(165,36,'member','property var animationDurationY: 200','animationDurationY','Duration in milliseconds for the y-axis easing when repositioning.');
INSERT INTO defs VALUES(166,36,'member','property var payload: []','payload','Array of extra drag metadata shared with drop targets.');
INSERT INTO defs VALUES(167,36,'member','required property var entry','entry','Required visual/logic payload that mirrors the drag item''s geometry.');
INSERT INTO defs VALUES(168,36,'member','required property var gameScene','gameScene','Required scene reference for registration and drag callbacks.');
INSERT INTO defs VALUES(169,36,'member','required property var itemName','itemName','Required scene identifier for this drag item.');
INSERT INTO defs VALUES(170,36,'signal','signal entryDestroyed(string itemName)','itemName','Emitted prior to teardown so the owning scene can release references.');
INSERT INTO defs VALUES(171,36,'signal','signal itemDraggedTo(string itemName, real x, real y, var offsets)','itemName, x, y, offsets','Fired on mouse movement with offset data relative to drag start.');
INSERT INTO defs VALUES(172,36,'signal','signal itemDragging(string itemName, real x, real y)','itemName, x, y','Fired when the mouse press begins to drag this item.');
INSERT INTO defs VALUES(173,36,'signal','signal itemDropped(string itemName, real x, real y, real startX, real startY)','itemName, x, y, startX, startY','Fired when the pointer releases the drag item.');
INSERT INTO defs VALUES(174,30,'function','isGameDragItem(item)','item','Validates that the dragged object exposes the GameDragItem API.');
INSERT INTO defs VALUES(175,30,'function','snapItemToCenter(dragItem)','dragItem','Recenters a dropped GameDragItem and mirrors coordinates back to its entry.');
INSERT INTO defs VALUES(176,30,'member','default property alias content: contentWrapper.data','content','Default property alias to populate the visible drop target.');
INSERT INTO defs VALUES(177,30,'member','property alias contentItem: contentWrapper','contentItem','Alias exposing the wrapper Item for manual tweaks.');
INSERT INTO defs VALUES(178,30,'member','property bool autoSnap: true','autoSnap','Toggles whether dropped GameDragItem payloads are recentered automatically.');
INSERT INTO defs VALUES(179,30,'member','property bool containsDrag: dropItemRoot.containsDrag','containsDrag','Mirrors DropArea.containsDrag so layouts can react visually.');
INSERT INTO defs VALUES(180,30,'member','property var entry','entry','Reference to the visual content bound to this drop zone.');
INSERT INTO defs VALUES(181,30,'member','property var gameScene','gameScene','Scene reference used for registration and callbacks.');
INSERT INTO defs VALUES(182,30,'member','property var itemName','itemName','Scene identifier for the drop surface.');
INSERT INTO defs VALUES(183,30,'signal','signal dragItemEntered(var itemName, var dragEvent)','itemName, dragEvent','Raised when an accepted drag hovers over the drop zone.');
INSERT INTO defs VALUES(184,30,'signal','signal dragItemExited(var itemName, var dragEvent)','itemName, dragEvent','Raised when the hovering drag leaves without dropping.');
INSERT INTO defs VALUES(185,31,'member','required property var gameScene','gameScene','Required scene reference for dynamic items.');
INSERT INTO defs VALUES(186,31,'member','required property var itemName','itemName','Required scene identifier.');
INSERT INTO defs VALUES(187,35,'member','GridLayout { }','GridLayout','Root GridLayout wrapper reserved for future layout-specific behavior.');
INSERT INTO defs VALUES(188,29,'function','addSceneDragItem(itemName, itemObject)','itemName, itemObject','Registers a drag item and hooks drag lifecycle signals for scene relays.');
INSERT INTO defs VALUES(189,29,'function','addSceneDropItem(itemName, itemObject)','itemName, itemObject','Registers a drop zone and hooks enter/exit signals.');
INSERT INTO defs VALUES(190,29,'function','addSceneItem(itemName, itemObject)','itemName, itemObject','Registers a scene item and stamps scene metadata onto it.');
INSERT INTO defs VALUES(191,29,'function','getSceneItem(itemName)','itemName','Fetches a previously registered scene item or logs an error when missing.');
INSERT INTO defs VALUES(192,29,'function','handleDragItemDropped(itemName, _x, _y, _startx, _starty)','itemName, _x, _y, _startx, _starty','Emits `itemDroppedInDropArea` with source and target context.');
INSERT INTO defs VALUES(193,29,'function','handleDragItemMoved(itemName, _x, _y, offsets)','itemName, _x, _y, offsets','Relays drag motion via `itemDragMoved`, resetting target when exiting.');
INSERT INTO defs VALUES(194,29,'function','handleDragItemStartDrag(itemName, _x, _y)','itemName, _x, _y','Captures the drag source and emits `itemDragStarted`.');
INSERT INTO defs VALUES(195,29,'function','handleDropItemEntered(_itemName, _dragEvent)','_itemName, _dragEvent','Updates `activeDrag` when a drag enters a drop area.');
INSERT INTO defs VALUES(196,29,'function','handleDropItemExited(_itemName, _dragEvent)','_itemName, _dragEvent','Flags the active drag as exiting so later moves clear the target.');
INSERT INTO defs VALUES(197,29,'function','listOverlappingItems(_itemName, matchstring = "")','_itemName, matchstring','Returns scene items whose names include the optional filter and whose global bounds overlap the given items bounds.');
INSERT INTO defs VALUES(198,29,'function','listSceneDropItemsAt(_x = -1, _y = -1, matchString = "")','_x, _y, matchString','Collects registered scene items into an array, optionally filtering by name substring and requiring a point to fall within each bounding box for drag/drop queries.');
INSERT INTO defs VALUES(199,29,'function','rectsOverlap(a, b)','a, b','Determines whether two bounding box objects overlap by comparing their horizontal and vertical ranges.');
INSERT INTO defs VALUES(200,29,'function','removeSceneItem(itemName)','itemName','Destroys and removes a stored scene item entry.');
INSERT INTO defs VALUES(201,29,'function','setSceneItemProperties(itemName, propsObject)','itemName, propsObject','Attempts to update cached metadata on a registered item.');
INSERT INTO defs VALUES(202,29,'member','property var activeDrag: ({ source: null, target: null, exiting: false })','activeDrag','Struct tracking the current drag source, target, and exit state.');
INSERT INTO defs VALUES(203,29,'member','property var parentScene','parentScene','Reference to a parent GameScene when scenes are nested.');
INSERT INTO defs VALUES(204,29,'member','property var sceneHeight','sceneHeight','Optional scene height metadata for layout consumers.');
INSERT INTO defs VALUES(205,29,'member','property var sceneItems: ({})','sceneItems','Dictionary mapping item names to registered objects.');
INSERT INTO defs VALUES(206,29,'member','property var sceneName','sceneName','Logical identifier for this scene instance.');
INSERT INTO defs VALUES(207,29,'member','property var sceneWidth','sceneWidth','Optional scene width metadata for layout consumers.');
INSERT INTO defs VALUES(208,29,'signal','signal itemDragMoved(string itemName, var dragItem, real x, real y, var offsets)','itemName, dragItem, x, y, offsets','Broadcasts drag motion with offset data.');
INSERT INTO defs VALUES(209,29,'signal','signal itemDragStarted(string itemName, var dragItem, real x, real y)','itemName, dragItem, x, y','Notifies listeners that a drag began.');
INSERT INTO defs VALUES(210,29,'signal','signal itemDroppedInDropArea(string dragItemName, var dragItem, string dropItemName, var dropItem, real startX, real startY, real endX, real endY)','dragItemName, dragItem, dropItemName, dropItem, startX, startY, endX, endY','Reports successful drops to interested systems.');
INSERT INTO defs VALUES(211,28,'function','startAnimation()','None','Starts the internal AnimatedSprite playback.');
INSERT INTO defs VALUES(212,28,'member','property alias frameCount: spriteRoot.frameCount','frameCount','Alias controlling how many frames the sprite uses.');
INSERT INTO defs VALUES(213,28,'member','property alias frameDuration: spriteRoot.frameDuration','frameDuration','Alias controlling per-frame duration in milliseconds.');
INSERT INTO defs VALUES(214,28,'member','property alias frameHeight: spriteRoot.frameHeight','frameHeight','Alias assigning frame height for the sprite sheet.');
INSERT INTO defs VALUES(215,28,'member','property alias frameWidth: spriteRoot.frameWidth','frameWidth','Alias assigning frame width for the sprite sheet.');
INSERT INTO defs VALUES(216,28,'member','property alias loops: spriteRoot.loops','loops','Alias specifying how many loops to play.');
INSERT INTO defs VALUES(217,28,'member','property alias spriteSheetFile: spriteRoot.source','spriteSheetFile','Alias to the AnimatedSprite source.');
INSERT INTO defs VALUES(218,28,'signal','signal animationBeginCallback(var itemName)','itemName','Emitted when the animation starts running.');
INSERT INTO defs VALUES(219,28,'signal','signal animationEndCallback(var itemName)','itemName','Emitted when the animation finishes.');
INSERT INTO defs VALUES(220,37,'function','function addState(stateName)','stateName','Declares a state within the internal registry so that transitions can reference it safely.');
INSERT INTO defs VALUES(221,37,'function','function addStateTransition(startState, evaluationHandler, destinationState, options)','startState, evaluationHandler, destinationState, options','Registers a predicate that can promote from startState to destinationState, optionally tagging metadata.');
INSERT INTO defs VALUES(222,37,'function','function addStates(stateNames)','stateNames','Bulk helper that defines each state name present in the provided iterable.');
INSERT INTO defs VALUES(223,37,'function','function bindContext(contextInstance, statePropertyName)','contextInstance, statePropertyName','Connects the machine to a context object and the property containing its current state.');
INSERT INTO defs VALUES(224,37,'function','function checkTransitions(stateName)','stateName','Evaluates registered transitions for the given or current state and emits transition signals when matches succeed.');
INSERT INTO defs VALUES(225,37,'function','function clearStateTransitions(startState)','startState','Destroys all registered transitions originating from the supplied state.');
INSERT INTO defs VALUES(226,37,'function','function currentState()','None','Returns the state recorded on the bound context without mutating any bookkeeping.');
INSERT INTO defs VALUES(227,37,'function','function hasState(stateName)','stateName','Indicates whether the registry already knows about the provided state name.');
INSERT INTO defs VALUES(228,37,'function','function listStateTransitions(startState)','startState','Provides a metadata-rich description of transitions originating from the requested state.');
INSERT INTO defs VALUES(229,37,'function','function removeStateTransition(startState, transitionId)','startState, transitionId','Removes a previously registered transition and disposes of its helper object.');
INSERT INTO defs VALUES(230,37,'function','function reset()','None','Clears the registry and binding so the machine can be rebound or repurposed.');
INSERT INTO defs VALUES(231,37,'member','property alias contextObject: binding.contextObject','contextObject','Exposes the bound context object already stored by the machine through the binding helper.');
INSERT INTO defs VALUES(232,37,'member','property alias contextStateProperty: binding.stateProperty','contextStateProperty','Reveals the name of the property on the bound context object that holds the active state.');
INSERT INTO defs VALUES(233,37,'signal','signal transitionEvaluated(string previousState, string nextState, int transitionId, var metadata)','previousState, nextState, transitionId, metadata','Emitted alongside transitionToNewState, exposing the transition identifier and any metadata payload.');
INSERT INTO defs VALUES(234,37,'signal','signal transitionToNewState(string previousState, string nextState)','previousState, nextState','Emitted whenever a transition predicate promotes a new state, providing the source and destination.');
INSERT INTO defs VALUES(235,32,'member','AbstractGameItem { }','AbstractGameItem','Static AbstractGameItem instance kept for parity with dynamic game items.');
INSERT INTO defs VALUES(236,2,'function','createBlock(color)','color','Uses Factory.createBlock to spawn a draggable block with the requested color.');
INSERT INTO defs VALUES(237,2,'member','property alias checkRefillTimer: checkRefillTimer','checkRefillTimer','Incrementing counter used by the timer-driven launch sequence.');
INSERT INTO defs VALUES(238,2,'member','property int launchIndex: 0','launchIndex','Item colorRing renders 15 rectangles that orbit in a circular path with random colors.');
INSERT INTO defs VALUES(239,2,'member','property var blocks: []','blocks','Array tracking the currently instantiated draggable block items.');
INSERT INTO defs VALUES(240,13,'signal','signal debugChosen()','None','Triggered when the Debug button is pressed.');
INSERT INTO defs VALUES(241,13,'signal','signal exitChosen()','None','Triggered when the Exit button is pressed.');
INSERT INTO defs VALUES(242,13,'signal','signal multiPlayerChosen()','None','Triggered when the Multiplayer button is pressed.');
INSERT INTO defs VALUES(243,13,'signal','signal optionsChosen()','None','Triggered when the Options button is pressed.');
INSERT INTO defs VALUES(244,13,'signal','signal powerupEditorChosen()','None','Triggered when the Powerup Editor button is pressed.');
INSERT INTO defs VALUES(245,13,'signal','signal singlePlayerChosen()','None','Triggered when the Single Player button is pressed.');
INSERT INTO defs VALUES(246,8,'function','applyEditorRecord(record)','record','Loads a powerup record into the editing PowerupItem.');
INSERT INTO defs VALUES(247,8,'function','buildPayloadFromEditor()','None','Constructs a plain object representing the current editor state.');
INSERT INTO defs VALUES(248,8,'function','cardColorHex(name)','name','Maps a card color name to the associated hex value.');
INSERT INTO defs VALUES(249,8,'function','clearEditor()','None','Resets the editor to its default empty state.');
INSERT INTO defs VALUES(250,8,'function','cloneBlockArray(items)','items','Clones block coordinate data for safe editing.');
INSERT INTO defs VALUES(251,8,'function','deserializeSpecData(value)','value','Parses serialized target-spec data when loading powerups into the editor.');
INSERT INTO defs VALUES(252,8,'function','handleDeletePowerup()','None','Deletes the currently selected powerup via the database helper.');
INSERT INTO defs VALUES(253,8,'function','handleNewPowerup()','None','Creates a new powerup entry and loads it for editing.');
INSERT INTO defs VALUES(254,8,'function','handleSavePowerup()','None','Persists the current editor state using the database helper.');
INSERT INTO defs VALUES(255,8,'function','indexForValue(list, value)','list, value','Utility that returns the index of a value inside a model list.');
INSERT INTO defs VALUES(256,8,'function','isBlockSelected(row, col)','row, col','Checks whether a block coordinate is selected in the editor grid.');
INSERT INTO defs VALUES(257,8,'function','loadPowerupFromDatabase(uuid)','uuid','Fetches a powerup by UUID and applies it to the editor.');
INSERT INTO defs VALUES(258,8,'function','toggleBlock(row, col)','row, col','Toggles a block selection inside the editor grid.');
INSERT INTO defs VALUES(259,8,'member','property bool editingActive: editingPowerup.powerupUuid.length > 0','editingActive','Boolean flag indicating whether a powerup is currently loaded for editing.');
INSERT INTO defs VALUES(260,8,'member','readonly property var cardColorOptions: [','cardColorOptions','Predefined list of card colors and labels available to the editor UI.');
INSERT INTO defs VALUES(261,8,'member','readonly property var operationOptions: [','operationOptions','List of selectable powerup operations (increase or decrease).');
INSERT INTO defs VALUES(262,8,'member','readonly property var targetOptions: [','targetOptions','List of selectable powerup targets (Self or Enemy).');
INSERT INTO defs VALUES(263,8,'member','readonly property var targetSpecOptions: [','targetSpecOptions','List of selectable target specializations such as PlayerHealth or Blocks.');
INSERT INTO defs VALUES(264,8,'signal','signal closeRequested()','None','Emitted when the user wants to return to the main menu from the editor.');
INSERT INTO defs VALUES(265,26,'function','cloneSimple(source)','source','Creates a shallow copy of the provided object so lifecycle metadata can be merged safely.');
INSERT INTO defs VALUES(266,26,'function','createDefaultStateActions()','None','Builds the default lifecycle handler map for init, fill, match, launch, and check_turn transitions.');
INSERT INTO defs VALUES(267,26,'function','enqueueManagedState(stateName, overrideOptions)','stateName, overrideOptions','Requests the grid to enqueue the lifecycle for the referenced state while suppressing recursive transition handling.');
INSERT INTO defs VALUES(268,26,'function','extendLifecycleOptions(baseState, baseOptions, overrides)','baseState, baseOptions, overrides','Merges default and override lifecycle handlers while stamping metadata about the owning state.');
INSERT INTO defs VALUES(269,26,'function','function attachGrid(newGrid)','newGrid','Binds the machine to a BattleGrid, resets state, and queues initial bootstrap events.');
INSERT INTO defs VALUES(270,26,'function','function collectManagedStates()','None','Derives the list of states that should be registered, ensuring required initialization states are present.');
INSERT INTO defs VALUES(271,26,'function','function detachGrid()','None','Unhooks the machine from the current grid, cleaning up connections and flags.');
INSERT INTO defs VALUES(272,26,'function','function enqueueInitialStateBootstrap()','None','Schedules the init lifecycle through enqueueManagedState with bootstrap metadata.');
INSERT INTO defs VALUES(273,26,'function','function enqueueInitializationTransition()','None','Convenience wrapper that reuses enqueueManagedState for initialization-triggered init lifecycle runs.');
INSERT INTO defs VALUES(274,26,'function','function enqueueInitializedState(payload)','payload','Queues the init lifecycle with a precomputed summary so downstream handlers learn initialization payloads.');
INSERT INTO defs VALUES(275,26,'function','function ensureConnections()','None','Creates or retargets the Connections helper that listens to BattleGrid events.');
INSERT INTO defs VALUES(276,26,'function','function evaluateInitializationCompletion(contextInstance)','contextInstance','Predicate that confirms the initialization flow has produced a payload before switching to initialized.');
INSERT INTO defs VALUES(277,26,'function','function evaluateInitializationRequest(contextInstance)','contextInstance','Predicate used by the engine machine to determine when to leave the init state.');
INSERT INTO defs VALUES(278,26,'function','function evaluateTransitions()','None','Asks the underlying engine state machine to re-run transition predicates once prerequisites are met.');
INSERT INTO defs VALUES(279,26,'function','function handleQueueItemCompletion(queueItem, completionContext)','queueItem, completionContext','Routes queue completion payloads through handleCompletedState for chained lifecycle evaluation.');
INSERT INTO defs VALUES(280,26,'function','function handleStateTransitionFinished(fromState, toState, metadata)','fromState, toState, metadata','Resets guards after state changes and schedules additional evaluations as needed.');
INSERT INTO defs VALUES(281,26,'function','function handleTransition(previousState, nextState)','previousState, nextState','Responds to base state transitions by delegating to enqueueManagedState when the request was external.');
INSERT INTO defs VALUES(282,26,'function','function registerDefaultTransitions()','None','Registers the initialization transition set on the reusable engine state machine.');
INSERT INTO defs VALUES(283,26,'function','function resetRuntimeFlags()','None','Clears transient bookkeeping so initialization transitions can run again.');
INSERT INTO defs VALUES(284,26,'function','handleCompletedState(completionContext)','completionContext','Interprets queue completion payloads to queue follow-up states like fill, match, launch, or check_turn.');
INSERT INTO defs VALUES(285,26,'member','property bool autoAttach: true','autoAttach','Controls whether the machine automatically binds to battleGrid when instantiated.');
INSERT INTO defs VALUES(286,26,'member','property var battleGrid: null','battleGrid','Reference to the BattleGrid instance that should be coordinated by the machine.');
INSERT INTO defs VALUES(287,5,'function','builtinPowerups()','None','Provides built-in powerup definitions used when no records exist in storage.');
INSERT INTO defs VALUES(288,5,'function','clearLoadout()','None','Clears all player loadout selections.');
INSERT INTO defs VALUES(289,5,'function','createPowerup(initialValues)','initialValues','Creates a new powerup row using optional defaults and returns it.');
INSERT INTO defs VALUES(290,5,'function','deletePowerup(uuid)','uuid','Removes a powerup from the database by UUID.');
INSERT INTO defs VALUES(291,5,'function','ensureSchema()','None','Placeholder hook to create required tables before use.');
INSERT INTO defs VALUES(292,5,'function','execute(sql, parameters)','sql, parameters','Executes a SQL statement and returns the raw SQLite result object.');
INSERT INTO defs VALUES(293,5,'function','fetchAllPowerups()','None','Returns all known powerups, falling back to seeded defaults when the database is empty.');
INSERT INTO defs VALUES(294,5,'function','fetchLoadout()','None','Returns the four-slot loadout array, seeding defaults if needed.');
INSERT INTO defs VALUES(295,5,'function','fetchPowerup(uuid)','uuid','Retrieves a single powerup record from the database.');
INSERT INTO defs VALUES(296,5,'function','generatePowerupUuid()','None','Generates a unique identifier for newly created powerups.');
INSERT INTO defs VALUES(297,5,'function','mapRowToPowerup(row)','row','Normalises raw result rows into the PowerupItem-compatible payload shape.');
INSERT INTO defs VALUES(298,5,'function','normalizeLoadoutRows(rows)','rows','Normalises joined loadout rows into slot-indexed structures.');
INSERT INTO defs VALUES(299,5,'function','open()','None','Returns the cached LocalStorage database connection, opening it on demand.');
INSERT INTO defs VALUES(300,5,'function','queryAll(sql, parameters)','sql, parameters','Executes a read query and returns an array of row objects.');
INSERT INTO defs VALUES(301,5,'function','savePowerup(powerup)','powerup','Upserts a powerup record and returns the normalised result.');
INSERT INTO defs VALUES(302,5,'function','seedBuiltinsIfNeeded()','None','Populates the Powerups table with default records when it is empty.');
INSERT INTO defs VALUES(303,5,'function','serializeTargetSpecDataForStorage(targetSpec, data)','targetSpec, data','Serialises target-specific data into a storable representation.');
INSERT INTO defs VALUES(304,5,'function','setLoadoutSlot(slot, powerupUuid)','slot, powerupUuid','Assigns a powerup to a specific slot, enforcing uniqueness.');
INSERT INTO defs VALUES(305,5,'function','withTransaction(callback)','callback','Runs the provided callback inside a write transaction on the LocalStorage database.');
INSERT INTO defs VALUES(306,5,'member','property int estimatedSize: 5 * 1024 * 1024','estimatedSize','Requested initial file size in bytes (defaults to 5 MB).');
INSERT INTO defs VALUES(307,5,'member','property string databaseLabel: "Blockwars Powerup Database"','databaseLabel','Display label for the LocalStorage database instance.');
INSERT INTO defs VALUES(308,5,'member','property string databaseName: "BlockwarsPowerups"','databaseName','Name used when opening the LocalStorage database.');
INSERT INTO defs VALUES(309,5,'member','property string databaseVersion: "1.0"','databaseVersion','Semantic version string passed to LocalStorage.');
INSERT INTO defs VALUES(310,5,'member','property var __connection: null','__connection','Cached handle to the open LocalStorage database.');
INSERT INTO defs VALUES(311,5,'signal','signal schemaReady()','None','Emitted after ensureSchema finishes running schema setup.');
INSERT INTO defs VALUES(312,4,'function','calculateEnergyRequired()','None','Derives the energy cost based on amount, target, and specialization.');
INSERT INTO defs VALUES(313,4,'function','effectiveAmount()','None','Normalizes the magnitude to a non-negative value used for calculations.');
INSERT INTO defs VALUES(314,4,'function','ensureSpecDataDefaults()','None','Normalises targetSpecData based on the current target spec.');
INSERT INTO defs VALUES(315,4,'function','setTarget(target)','target','Validates and assigns the powerup target alignment.');
INSERT INTO defs VALUES(316,4,'function','setTargetSpec(spec, specData)','spec, specData','Configures the target specialization and optional supporting data.');
INSERT INTO defs VALUES(317,4,'function','targetBlockCount()','None','Returns the number of block coordinates present in targetSpecData.');
INSERT INTO defs VALUES(318,4,'function','updateEnergyRequirement()','None','Recomputes the energy cost and emits a notification when it changes.');
INSERT INTO defs VALUES(319,4,'member','property bool powerupIsCustom: false','powerupIsCustom','Flag indicating whether the powerup originated from player-created content.');
INSERT INTO defs VALUES(320,4,'member','property int powerupActualAmount: 0','powerupActualAmount','Magnitude by which the powerup modifies the target.');
INSERT INTO defs VALUES(321,4,'member','property int powerupCardEnergyRequired: 0','powerupCardEnergyRequired','Computed energy cost derived from other powerup properties.');
INSERT INTO defs VALUES(322,4,'member','property int powerupCardHealth: 0','powerupCardHealth','Health provided when the powerup card is deployed.');
INSERT INTO defs VALUES(323,4,'member','property string powerupCardColor: "blue"','powerupCardColor','Primary color applied to card visuals and block highlighting.');
INSERT INTO defs VALUES(324,4,'member','property string powerupName: ""','powerupName','Display name presented on cards and in catalog listings.');
INSERT INTO defs VALUES(325,4,'member','property string powerupOperation: operations.Increase','powerupOperation','Whether the powerup increases or decreases the target attribute.');
INSERT INTO defs VALUES(326,4,'member','property string powerupTarget: targets.Self','powerupTarget','Target alignment this powerup affects (self or enemy).');
INSERT INTO defs VALUES(327,4,'member','property string powerupTargetSpec: targetSpecs.PlayerHealth','powerupTargetSpec','Specific aspect of the target the powerup manipulates.');
INSERT INTO defs VALUES(328,4,'member','property string powerupUuid: ""','powerupUuid','Unique identifier assigned to the powerup definition.');
INSERT INTO defs VALUES(329,4,'member','property var powerupTargetSpecData: []','powerupTargetSpecData','Additional data describing the target selection such as block coordinates.');
INSERT INTO defs VALUES(330,4,'member','readonly property var operations: ({','operations','Map of supported powerup operations (increase or decrease).');
INSERT INTO defs VALUES(331,4,'member','readonly property var targetSpecs: ({','targetSpecs','Map of supported target specializations (blocks, health, in-game cards).');
INSERT INTO defs VALUES(332,4,'member','readonly property var targets: ({','targets','Map of available powerup targets (Self or Enemy).');
INSERT INTO defs VALUES(333,4,'signal','signal energyRecalculated(int energyRequired)','energyRequired','Emitted whenever the energy calculation produces a new result.');
INSERT INTO defs VALUES(334,3,'function','uid(prefix)','prefix','Generates a quasi-unique identifier using time and an incrementing sequence.');
INSERT INTO defs VALUES(335,3,'member','let _seq = 0;','_seq','Internal counter feeding uid generation.');
INSERT INTO defs VALUES(336,40,'function','gridPos(index, o)','index, o','Returns `{x, y, row, col}` coordinates inside a configurable grid footprint.');
INSERT INTO defs VALUES(337,1,'function','cellPosition(row, column)','row, column','Returns the on-screen x/y coordinate for the requested grid cell.');
INSERT INTO defs VALUES(338,1,'function','clearWrapperAt(row, column)','row, column','Clears the matrix entry at the requested coordinate.');
INSERT INTO defs VALUES(339,1,'function','compactColumns()','None','Slides existing wrappers downward within each column to eliminate gaps.');
INSERT INTO defs VALUES(340,1,'function','enqueueBattleEvent(eventObject)','eventObject','Pushes a lifecycle descriptor into the FIFO queue and kicks processing.');
INSERT INTO defs VALUES(341,1,'function','enqueueLifecycleForState(baseState)','baseState','Queues the lifecycle event for the requested base state unless it is already pending or active, and ensures the compact lifecycle purges destroyed wrappers when it begins.');
INSERT INTO defs VALUES(342,1,'function','ensureMatrix()',NULL,'Initialises or resizes the internal block matrix to match the current grid dimensions.');
INSERT INTO defs VALUES(343,1,'function','fillGrid()','None','Populates missing grid cells by creating new blocks and inserting them into the matrix.');
INSERT INTO defs VALUES(344,1,'function','fillMissingBlocks()','None','Invokes fillGrid as the fill stage handler to repopulate empty slots.');
INSERT INTO defs VALUES(345,1,'function','findWrapperPosition(wrapper)','wrapper','Returns the current row/column occupied by the provided wrapper by scanning the block matrix.');
INSERT INTO defs VALUES(346,1,'function','getBlockEntryAt(row, column)','row, column','Returns the UI.Block entry stored at the specified grid coordinates or null when empty.');
INSERT INTO defs VALUES(347,1,'function','getBlockWrapper(row, column)','row, column','Returns the GameDragItem wrapper placed at the requested grid cell.');
INSERT INTO defs VALUES(348,1,'function','handleLifecycleCompleted(forms, context)','forms, context','Routes lifecycle completions to the next state request based on run results (matches, fills, launches).');
INSERT INTO defs VALUES(349,1,'function','handleStateChange(newState, oldState)','newState, oldState','Observes external currentState assignments and enqueues the corresponding lifecycle when a base state is requested.');
INSERT INTO defs VALUES(350,1,'function','isLifecycleQueued(baseState)','baseState','Checks the queue and current item to avoid enqueuing duplicate lifecycles.');
INSERT INTO defs VALUES(351,1,'function','isPromiseLike(value)','value','Detects whether the lifecycle main returned a promise so the queue can await it.');
INSERT INTO defs VALUES(352,1,'function','launchMatchedBlocks()','None','Switches matched block entries into launch state and returns the list of launched identifiers.');
INSERT INTO defs VALUES(354,1,'function','moveWrapper(wrapper, targetRow, targetColumn)','wrapper, targetRow, targetColumn','Repositions a wrapper to a new grid coordinate, delegating to attemptHeroShift when the wrapper belongs to a hero footprint.');
INSERT INTO defs VALUES(355,1,'function','normalizeStateName(value)','value','Normalizes incoming state tokens to lower-case strings for lookup in the triplet list.');
INSERT INTO defs VALUES(356,1,'function','processNextQueueItem()','None','Executes the next queued lifecycle event, honoring promise results before proceeding.');
INSERT INTO defs VALUES(357,1,'function','requestState(baseState)','baseState','Public entry point that normalizes a base state and sets currentState so the queue can enqueue the lifecycle.');
INSERT INTO defs VALUES(358,1,'function','setGridStateInternal(stateName, suppressHandler)','stateName','Internal helper that flips currentState while optionally suppressing queue reentry guards.');
INSERT INTO defs VALUES(359,1,'function','setWrapperAt(row, column, wrapper)','row, column, wrapper','Stores the provided wrapper at the requested grid cell and synchronises its position metadata.');
INSERT INTO defs VALUES(360,1,'function','spawnMissingBlocks()','None','Calls fillGrid to spawn new blocks for any vacated cells after compaction.');
INSERT INTO defs VALUES(361,1,'function','stateFormsFor(stateValue)','stateValue','Returns the base/progressive/completed trio for the provided state token.');
INSERT INTO defs VALUES(362,1,'member','property bool queueProcessing: false','queueProcessing','True while a lifecycle event is currently executing.');
INSERT INTO defs VALUES(363,1,'member','property bool suppressStateHandler: false','property bool suppressStateHandler','Guard flag used to ignore onCurrentStateChanged while the queue adjusts progressive/completed forms.');
INSERT INTO defs VALUES(364,1,'member','property int blockSequence: 0','blockSequence','Counter reserved for generating unique block IDs when fill logic is restored.');
INSERT INTO defs VALUES(365,1,'member','property int cellH: 50','cellH','Height of each grid cell in pixels.');
INSERT INTO defs VALUES(366,1,'member','property int cellW: 50','cellW','Width of each grid cell in pixels.');
INSERT INTO defs VALUES(367,1,'member','property int gapX: 2','gapX','Horizontal spacing between cells.');
INSERT INTO defs VALUES(368,1,'member','property int gapY: 2','gapY','Vertical spacing between cells.');
INSERT INTO defs VALUES(369,1,'member','property int gridCols: 6','gridCols','Number of columns in the grid.');
INSERT INTO defs VALUES(370,1,'member','property int gridRows: 6','gridRows','Number of rows in the grid.');
INSERT INTO defs VALUES(371,1,'member','property int originX: 40','originX','Horizontal offset applied to the entire grid footprint.');
INSERT INTO defs VALUES(372,1,'member','property int originY: 40','originY','Vertical offset applied to the entire grid footprint.');
INSERT INTO defs VALUES(373,1,'member','property string currentState: "init"','currentState','Current BattleGrid lifecycle label consumed by the simple switch-based state machine.');
INSERT INTO defs VALUES(374,1,'member','property string previousState: ','previousState','Tracks the most recent state so transitions can inspect where the grid came from.');
INSERT INTO defs VALUES(375,1,'member','property var activeQueueItem: null','activeQueueItem','Reference to the lifecycle descriptor currently executing.');
INSERT INTO defs VALUES(376,1,'member','property var battleQueue: []','battleQueue','FIFO collection of pending lifecycle events waiting to run.');
INSERT INTO defs VALUES(377,1,'member','property var gameScene','gameScene','Scene reference required when registering new drag items.');
INSERT INTO defs VALUES(378,1,'member','property var instances: []','instances','Array tracking created GameDragItem instances for later reflow or cleanup.');
INSERT INTO defs VALUES(379,1,'member','readonly property string blockIdPrefix: "grid_block"','blockIdPrefix','Reference to the queue item currently being processed.');
INSERT INTO defs VALUES(380,1,'member','readonly property var blockPalette: ["red", "blue", "green", "yellow"]','blockPalette','Tracks whether the queue is actively processing events.');
INSERT INTO defs VALUES(381,1,'member','readonly property var stateList','stateList','Triplet-ordered list of base/progressive/completed states driving the lifecycle queue.');
INSERT INTO defs VALUES(382,1,'property','property string launchDirection: down','launchDirection','Tracks the direction blocks should launch toward; presently unused placeholder.');
INSERT INTO defs VALUES(383,1,'property','property var blockMatrix: []','blockMatrix','2D array that tracks the GameDragItem wrapper assigned to each grid coordinate.');
INSERT INTO defs VALUES(384,1,'property','readonly property int gridHeight: (gridRows * cellH) + Math.max(0, gridRows - 1) * gapY',NULL,'Computed grid height used for layout calculations and spawn offsets.');
INSERT INTO defs VALUES(385,21,'function','blockLaunchSpriteSheet()','None','Produces the expected sprite sheet URL for the current block color.');
INSERT INTO defs VALUES(386,21,'member','property Component explodeComponent: blockExplodeComponent','explodeComponent','Maximum row count placeholder the block can use when repositioning.');
INSERT INTO defs VALUES(387,21,'member','property Component idleComponent: blockIdleComponent','idleComponent','Grid column index metadata reserved for future gravity handling.');
INSERT INTO defs VALUES(388,21,'member','property Component launchComponent: blockLaunchComponent','launchComponent','Grid row index metadata reserved for future gravity handling.');
INSERT INTO defs VALUES(389,21,'member','property alias source: blockLoader.source','source','Alias to the Loader source for direct component swapping.');
INSERT INTO defs VALUES(390,21,'member','property int column: -1','column','Component definition used when the block launches.');
INSERT INTO defs VALUES(391,21,'member','property int maxRows: 0','maxRows','Component definition used during idle state.');
INSERT INTO defs VALUES(392,21,'member','property int row: -1','row','High-level state driving which visual component is loaded.');
INSERT INTO defs VALUES(393,21,'member','property var blockColor','blockColor','Logical color for sprite selection and styling.');
INSERT INTO defs VALUES(394,21,'member','property var blockState: "init"','blockState','Component definition used during explosion.');
INSERT INTO defs VALUES(395,21,'member','property var gameScene','gameScene','Scene reference used for registering the internal drop item.');
INSERT INTO defs VALUES(396,21,'member','property var itemName','itemName','Scene identifier shared with the drop item.');
INSERT INTO defs VALUES(397,21,'member','property var lowerBlockRefs: []','lowerBlockRefs','Reserved array for lower block references (currently unused).');
INSERT INTO defs VALUES(398,21,'signal','signal blockDestroyed(var itemName)','itemName','Emitted when the post-launch timer completes and the block should be removed.');
INSERT INTO defs VALUES(399,19,'function','burstAt(xpos, ypos)','xpos, ypos','Triggers each emitter at the given coordinate to play the explosion sequence.');
INSERT INTO defs VALUES(400,19,'member','property var system','system','Exposes the internal ParticleSystem for advanced tuning.');
INSERT INTO defs VALUES(401,22,'function','centerItem(dragItem)','dragItem','Reuses snapItemToCenter to align a drag item with the cell center.');
INSERT INTO defs VALUES(402,22,'function','clearAssignment()','None','Clears the recorded drag item assignment.');
INSERT INTO defs VALUES(403,22,'function','hasItem()','None','Returns true when a drag item is currently assigned to the cell.');
INSERT INTO defs VALUES(404,22,'member','property Item battleGrid: null','battleGrid','Back-reference to the owning BattleGrid Item.');
INSERT INTO defs VALUES(405,22,'member','property bool __gridRegistered: false','__gridRegistered','Internal flag indicating registration with the grid.');
INSERT INTO defs VALUES(406,22,'member','property bool showDebugBorder: false','showDebugBorder','Toggles whether the border is drawn for debugging.');
INSERT INTO defs VALUES(407,22,'member','property color borderColor: "#335D6C7C"','borderColor','Border color used when debug borders are enabled.');
INSERT INTO defs VALUES(408,22,'member','property color hoverColor: "#33FFFFFF"','hoverColor','Fill color while an accepted drag hovers over the cell.');
INSERT INTO defs VALUES(409,22,'member','property color idleColor: "transparent"','idleColor','Fill color when the cell is empty.');
INSERT INTO defs VALUES(410,22,'member','property color occupiedColor: "#3340FF80"','occupiedColor','Fill color when the cell holds a block.');
INSERT INTO defs VALUES(411,22,'member','property int columnIndex: -1','columnIndex','Column coordinate within the parent grid.');
INSERT INTO defs VALUES(412,22,'member','property int rowIndex: -1','rowIndex','Row coordinate within the parent grid.');
INSERT INTO defs VALUES(413,22,'member','property var assignedItem: null','assignedItem','Currently assigned drag item, if any.');
INSERT INTO defs VALUES(414,22,'signal','signal assignmentChanged(var item)','item','Emitted whenever `assignedItem` updates.');
INSERT INTO defs VALUES(415,18,'member','property int columnIndex: 0','columnIndex','Column coordinate for this ListView.');
INSERT INTO defs VALUES(416,18,'member','property var cellModel: []','cellModel','Backing data model used to populate the column (defaults to 6 rows).');
INSERT INTO defs VALUES(417,18,'member','property var gameScene','gameScene','Scene reference passed to delegate GameDragItems.');
INSERT INTO defs VALUES(418,18,'member','property var root','root','Optional reference to the owning grid container.');
INSERT INTO defs VALUES(419,18,'member','property var rowCount: 6','rowCount','Row count hint for external configuration.');
INSERT INTO defs VALUES(420,9,'component','Component { id: slotAreaComponent }','slotAreaComponent','Reusable Item definition representing a single powerup slot with embedded PowerupCard.');
INSERT INTO defs VALUES(421,9,'function','assignPowerupToSlot(slot, powerupUuid)','slot, powerupUuid','Persists a powerup selection for a specific slot and refreshes the loadout.');
INSERT INTO defs VALUES(422,9,'function','closeCatalog()','None','Hides the catalog overlay and clears the selection.');
INSERT INTO defs VALUES(423,9,'function','createSlots()','None','Constructs the four slot areas dynamically and stores them in the slots array.');
INSERT INTO defs VALUES(424,9,'function','deserializeSpecData(value)','value','Parses serialized target-spec data into runtime structures.');
INSERT INTO defs VALUES(425,9,'function','destroySlots()','None','Destroys any existing slot area instances and clears the slots array.');
INSERT INTO defs VALUES(426,9,'function','handlePowerupChosen(record)','record','Processes a catalog selection and updates the chosen slot.');
INSERT INTO defs VALUES(427,9,'function','openCatalog(slot)','slot','Opens the catalog overlay targeting the requested slot.');
INSERT INTO defs VALUES(428,9,'function','refreshLoadout()','None','Loads the persisted loadout from the database into the UI model.');
INSERT INTO defs VALUES(429,9,'member','property bool catalogVisible: false','catalogVisible','Controls visibility of the powerup catalog overlay.');
INSERT INTO defs VALUES(430,9,'member','property int selectedSlot: -1','selectedSlot','Tracks which slot index is actively being edited.');
INSERT INTO defs VALUES(431,9,'member','property var loadoutData: []','loadoutData','Array of persisted loadout entries fetched from the database.');
INSERT INTO defs VALUES(432,9,'member','property var slots: []','slots','Collection of slot objects created at run time for player loadouts.');
INSERT INTO defs VALUES(433,9,'member','readonly property var slotCount: 4','slotCount','Read-only constant defining the number of selectable powerup slots (4).');
INSERT INTO defs VALUES(434,9,'signal','signal closeRequested()','None','Emitted when the user exits the MatchSetup screen.');
INSERT INTO defs VALUES(435,9,'signal','signal proceedRequested(var loadout)','loadout','Emitted when the player proceeds with the selected loadout.');
INSERT INTO defs VALUES(436,9,'signal','signal updatedSlotData(int slot, var record)','slot, record','Emitted when a slot should update its card with new powerup data.');
INSERT INTO defs VALUES(437,20,'member','property alias buttonText: buttonRoot.text','buttonText','Alias to the button text for quick assignment.');
INSERT INTO defs VALUES(438,20,'member','property var parentItem','parentItem','Optional reference to the scene item that owns the button.');
INSERT INTO defs VALUES(439,6,'function','applyRecord(record)','record','Convenience setter that copies record fields into the backing PowerupItem.');
INSERT INTO defs VALUES(440,6,'function','cardColor()','None','Derives the highlight color for card-based powerups.');
INSERT INTO defs VALUES(441,6,'function','cardColorHex()','None','Resolves the configured card color name to a usable hex value.');
INSERT INTO defs VALUES(442,6,'function','formattedAmount()','None','Returns a signed string representation of the powerup amount.');
INSERT INTO defs VALUES(443,6,'function','targetedBlocksContains(row, col)','row, col','Reports whether a block coordinate is targeted by the powerup.');
INSERT INTO defs VALUES(444,6,'function','unselectedBlockColor()','None','Returns the neutral color used for non-targeted blocks.');
INSERT INTO defs VALUES(445,6,'member','property alias powerupActualAmount: powerup.powerupActualAmount','powerupActualAmount','Magnitude of the powerup effect for UI binding.');
INSERT INTO defs VALUES(446,6,'member','property alias powerupCardColor: powerup.powerupCardColor','powerupCardColor','Alias exposing the selected card color for styling and bindings.');
INSERT INTO defs VALUES(447,6,'member','property alias powerupCardEnergyRequired: powerup.powerupCardEnergyRequired','powerupCardEnergyRequired','Computed energy requirement surfaced from the PowerupItem.');
INSERT INTO defs VALUES(448,6,'member','property alias powerupCardHealth: powerup.powerupCardHealth','powerupCardHealth','Health granted by the powerup when played.');
INSERT INTO defs VALUES(449,6,'member','property alias powerupIsCustom: powerup.powerupIsCustom','powerupIsCustom','Flag used to differentiate custom from built-in powerups.');
INSERT INTO defs VALUES(450,6,'member','property alias powerupName: powerup.powerupName','powerupName','Display name shown on the card.');
INSERT INTO defs VALUES(451,6,'member','property alias powerupOperation: powerup.powerupOperation','powerupOperation','Increase/decrease operation displayed on the card.');
INSERT INTO defs VALUES(452,6,'member','property alias powerupTarget: powerup.powerupTarget','powerupTarget','Exposed target alignment for binding in delegates.');
INSERT INTO defs VALUES(453,6,'member','property alias powerupTargetSpec: powerup.powerupTargetSpec','powerupTargetSpec','Exposed target specialization for binding in delegates.');
INSERT INTO defs VALUES(454,6,'member','property alias powerupTargetSpecData: powerup.powerupTargetSpecData','powerupTargetSpecData','Raw target specialization data forwarded to the PowerupItem.');
INSERT INTO defs VALUES(455,6,'member','property alias powerupUuid: powerup.powerupUuid','powerupUuid','Powerup identifier mirrored from the backing PowerupItem.');
INSERT INTO defs VALUES(456,6,'member','readonly property var colorPalette: ({','colorPalette','Alias to the embedded PowerupItem backing this card.');
INSERT INTO defs VALUES(457,6,'signal','signal activated(string powerupUuid)','powerupUuid','Emitted when the card is clicked within catalog views.');
INSERT INTO defs VALUES(458,7,'function','deserializeSpecData(value)','value','Helper that converts serialized spec data for PowerupCatalog delegates.');
INSERT INTO defs VALUES(459,7,'function','refresh()','None','Reloads powerup data from the database into the GridView model.');
INSERT INTO defs VALUES(460,7,'member','property alias database: database','database','Reference to the PowerupDatabase instance supplying catalogue data.');
INSERT INTO defs VALUES(461,7,'member','property alias model: powerupModel','model','Alias exposing the underlying ListModel of powerups.');
INSERT INTO defs VALUES(462,7,'signal','signal powerupChosen(var record)','record','Emitted when a catalog entry is activated, providing the powerup record.');
INSERT INTO defs VALUES(463,41,'member','<qresource prefix="/">','prefix=/','Root Qt resource collection mapping runtime assets bundled with the application.');
INSERT INTO defs VALUES(464,39,'function','_init()','None','Lazily constructs the underlying JS promise and wires state signals.');
INSERT INTO defs VALUES(465,39,'function','_instanceOfSignal(object)','object','Delegates to PromiseJS helper to test for Qt signals.');
INSERT INTO defs VALUES(466,39,'function','all(promises)','promises','Returns a JS promise that resolves when all supplied promises fulfill.');
INSERT INTO defs VALUES(467,39,'function','allSettled(promises)','promises','Returns a JS promise that resolves once all supplied promises settle.');
INSERT INTO defs VALUES(468,39,'function','instanceOfPromise(object)','object','Checks whether an object is an instance of this QML promise wrapper.');
INSERT INTO defs VALUES(469,39,'function','reject(reason)','reason','Rejects the internal promise.');
INSERT INTO defs VALUES(470,39,'function','resolve(value)','value','Resolves the internal promise, assimilating other promise-like objects when provided.');
INSERT INTO defs VALUES(471,39,'function','setTimeout(callback, interval)','callback, interval','Delegates to QPTimer to schedule a callback after the interval.');
INSERT INTO defs VALUES(472,39,'function','then(onFulfilled, onRejected)','onFulfilled, onRejected','Chains handlers onto the underlying JS promise.');
INSERT INTO defs VALUES(473,39,'member','default property alias data: promise.__data','data','Default property alias enabling inline child objects.');
INSERT INTO defs VALUES(474,39,'member','property bool isFulfilled : false','isFulfilled','True when the promise has resolved.');
INSERT INTO defs VALUES(475,39,'member','property bool isRejected : false','isRejected','True when the promise has rejected.');
INSERT INTO defs VALUES(476,39,'member','property bool isSettled : isFulfilled || isRejected','isSettled','Computed flag indicating the promise has either resolved or rejected.');
INSERT INTO defs VALUES(477,39,'member','property list<QtObject> __data: [QtObject{}]','__data','Backing list holding inline child objects.');
INSERT INTO defs VALUES(478,39,'member','property var ___promiseQmlSignature71237___','___promiseQmlSignature71237___','Marker used for type checking between JS and QML worlds.');
INSERT INTO defs VALUES(479,39,'member','property var _promise;','_promise','Internal reference to the JS QPromise instance.');
INSERT INTO defs VALUES(480,39,'member','property var rejectWhen','rejectWhen','Expression or signal that auto-rejects this object when it becomes truthy.');
INSERT INTO defs VALUES(481,39,'member','property var resolveWhen','resolveWhen','Expression or promise that auto-resolves this object when it becomes truthy/completes.');
INSERT INTO defs VALUES(482,39,'signal','signal fulfilled(var value)','value','Emitted when the promise resolves successfully.');
INSERT INTO defs VALUES(483,39,'signal','signal rejected(var reason)','reason','Emitted when the promise rejects.');
INSERT INTO defs VALUES(484,39,'signal','signal settled(var value)','value','Emitted after fulfillment or rejection for generic observers.');
INSERT INTO defs VALUES(485,38,'member','Timer { running: false; repeat: false }','Timer','Single-shot Timer backing the JS promise scheduling helper.');
INSERT INTO defs VALUES(486,42,'function','Combinator(promises, allSettled)','promises, allSettled','Aggregator responsible for resolving once a set of promises complete.');
INSERT INTO defs VALUES(487,42,'function','Combinator.prototype._addCheckedPromise(promise)','promise','Hooks fulfillment/rejection callbacks to track progress.');
INSERT INTO defs VALUES(488,42,'function','Combinator.prototype._addPromise(promise)','promise','Adds a single promise, wrapping signals when encountered.');
INSERT INTO defs VALUES(489,42,'function','Combinator.prototype._addPromises(promises)','promises','Internal helper to append an array-like collection of promises.');
INSERT INTO defs VALUES(490,42,'function','Combinator.prototype._reject(reason)','reason','Handles rejection depending on the allSettled mode.');
INSERT INTO defs VALUES(491,42,'function','Combinator.prototype._settle()','None','Resolves or rejects the combined promise when all inputs complete.');
INSERT INTO defs VALUES(492,42,'function','Combinator.prototype.add(promises)','promises','Adds one or more promises to the combinator pool.');
INSERT INTO defs VALUES(493,42,'function','QPromise(executor)','executor','Constructor implementing a Promise-like object with fulfillment/rejection handlers.');
INSERT INTO defs VALUES(494,42,'function','QPromise.prototype._emit(arr, value)','arr, value','Runs stored callbacks in order, passing along the result.');
INSERT INTO defs VALUES(495,42,'function','QPromise.prototype._executeThen()','None','Executes queued fulfillment or rejection handlers based on state.');
INSERT INTO defs VALUES(496,42,'function','QPromise.prototype._rejectUnsafe(reason)','reason','Rejects immediately without additional checks.');
INSERT INTO defs VALUES(497,42,'function','QPromise.prototype._resolveInTick(value)','value','Defers resolution to the next event loop tick.');
INSERT INTO defs VALUES(498,42,'function','QPromise.prototype._resolveUnsafe(value)','value','Resolves immediately without additional checks.');
INSERT INTO defs VALUES(499,42,'function','QPromise.prototype._setState(state)','state','Updates the state flags for fulfilled/rejected/settled tracking.');
INSERT INTO defs VALUES(500,42,'function','QPromise.prototype.reject(reason)','reason','Rejects the promise, optionally wiring Qt signals to propagate rejection.');
INSERT INTO defs VALUES(501,42,'function','QPromise.prototype.resolve(value)','value','Resolves the promise, assimilating other promises or signals when provided.');
INSERT INTO defs VALUES(502,42,'function','QPromise.prototype.then(onFulfilled, onRejected)','onFulfilled, onRejected','Chains fulfillment and rejection handlers, returning a new QPromise.');
INSERT INTO defs VALUES(503,42,'function','_instanceOfSignal(object)','object','Checks whether the argument behaves like a Qt signal (has connect/disconnect).');
INSERT INTO defs VALUES(504,42,'function','all(promises)','promises','Returns a promise fulfilled when all input promises resolve, or rejects on the first failure.');
INSERT INTO defs VALUES(505,42,'function','allSettled(promises)','promises','Returns a promise that resolves after all inputs settle, collecting their results.');
INSERT INTO defs VALUES(506,42,'function','clearTimeout(timerId)','timerId','Stops and destroys a previously scheduled PromiseTimer.');
INSERT INTO defs VALUES(507,42,'function','combinator(promises, allSettled)','promises, allSettled','Factory that returns a new Combinator instance.');
INSERT INTO defs VALUES(508,42,'function','instanceOfPromise(object)','object','Returns true for either JS or QML promise variants.');
INSERT INTO defs VALUES(509,42,'function','instanceOfPromiseItem(object)','object','Detects QML Promise objects exposed by Promise.qml.');
INSERT INTO defs VALUES(510,42,'function','instanceOfPromiseJS(object)','object','Detects promises created by this JS library.');
INSERT INTO defs VALUES(511,42,'function','promise(executor)','executor','Convenience creator returning a new pending QPromise.');
INSERT INTO defs VALUES(512,42,'function','reject(reason)','reason','Returns a rejected QPromise with the provided reason.');
INSERT INTO defs VALUES(513,42,'function','rejected(reason)','reason','Alias of reject for compatibility.');
INSERT INTO defs VALUES(514,42,'function','resolve(result)','result','Returns a resolved QPromise with the provided result.');
INSERT INTO defs VALUES(515,42,'function','resolved(result)','result','Alias of resolve for compatibility.');
INSERT INTO defs VALUES(516,42,'function','setTimeout(callback, timeout)','callback, timeout','Schedules a PromiseTimer to invoke the callback after the timeout and returns its id.');
INSERT INTO defs VALUES(517,42,'member','QPromise.all = all','QPromise.all','Assigned to the `all` helper to mirror native Promise.all.');
INSERT INTO defs VALUES(518,42,'member','QPromise.reject = reject','QPromise.reject','Assigned to the `reject` helper for parity with native Promise.reject.');
INSERT INTO defs VALUES(519,42,'member','QPromise.resolve = resolve','QPromise.resolve','Assigned to the `resolve` helper for parity with native Promise.resolve.');
INSERT INTO defs VALUES(520,43,'member','Promise 1.0 Promise.qml','Promise.qml','Registers the QML Promise type.');
INSERT INTO defs VALUES(521,43,'member','Q 1.0 promise.js','promise.js','Maps the JavaScript library for import.');
INSERT INTO defs VALUES(522,43,'member','module PromiseLib','PromiseLib','Declares the module name `PromiseLib`.');
INSERT INTO defs VALUES(523,44,'function','main(int argc, char *argv[])','int argc, char *argv[]','Boots the QGuiApplication, registers assets/types, and starts the event loop.');
INSERT INTO defs VALUES(524,45,'function','Pool::Pool(QObject *parent)','QObject *parent','Invokes loadNumbers during construction.');
INSERT INTO defs VALUES(525,45,'function','Pool::loadNumbers()','None','Reads random_numbers.txt from resources and seeds the number hash.');
INSERT INTO defs VALUES(526,45,'function','Pool::nextColor(int current_index)','int current_index','Converts the next numeric entry into a color name.');
INSERT INTO defs VALUES(527,45,'function','Pool::randomNumber(int current_index)','int current_index','Steps through the stored numbers and returns the next entry.');
INSERT INTO defs VALUES(528,46,'function','Pool(QObject *parent = nullptr)','QObject *parent = nullptr','Constructor that initializes the pool.');
INSERT INTO defs VALUES(529,46,'function','loadNumbers()','None','Loads numeric data from the embedded random_numbers resource.');
INSERT INTO defs VALUES(530,46,'function','nextColor(int current_index = -1)','int current_index = -1','Maps the next pooled number to a block color string.');
INSERT INTO defs VALUES(531,46,'function','randomNumber(int current_index = -1)','int current_index = -1','Returns the next value from the number pool, optionally seeding the index.');
INSERT INTO defs VALUES(532,46,'member','QHash<int, int> m_numbers;','m_numbers','QHash storing loaded number entries keyed by index.');
INSERT INTO defs VALUES(533,46,'member','int pool_index;','pool_index','Tracks the current index into the number pool.');
INSERT INTO defs VALUES(534,15,'function','build_search_clause(term, columns...)','term, columns...','Constructs a case-insensitive LIKE clause that spans several columns.');
INSERT INTO defs VALUES(535,15,'function','command_delete(table, options...)','table, options...','Removes rows by primary id or custom conditions, echoing deletion counts and refreshing WHEEL.sql.');
INSERT INTO defs VALUES(536,15,'function','command_describe(table, options...)','table, options...','Shows table schema details and optionally previews matching rows.');
INSERT INTO defs VALUES(537,15,'function','command_insert(table, assignments...)','table, assignments...','Adds rows to any WHEEL.db table, echoes the inserted id, and refreshes WHEEL.sql afterwards.');
INSERT INTO defs VALUES(538,15,'function','command_plan(change_id)','change_id','Summarises a change id with related files, defs, and todo entries for planning.');
INSERT INTO defs VALUES(539,15,'function','command_query(args...)','args...','Implements the flexible query subcommand with table-aware filters, column selection helpers, and optional multi-table merge joins.');
INSERT INTO defs VALUES(540,15,'function','command_raw(sql...)','sql...','Runs arbitrary SQL snippets or drops into interactive sqlite3 when no SQL is given.');
INSERT INTO defs VALUES(541,15,'function','command_search(args...)','args...','Convenience wrapper that expands natural text terms into query filters across one or more tables while forwarding shared query options.');
INSERT INTO defs VALUES(542,15,'function','command_update(table, options...)','table, options...','Updates rows in a table, reports change counts, and refreshes WHEEL.sql when successful.');
INSERT INTO defs VALUES(543,15,'function','debug(message)','message','Emits debug logging when verbose mode is enabled without affecting exit status.');
INSERT INTO defs VALUES(544,15,'function','ensure_db()','None','Ensures sqlite3 is available and bootstraps the project database from WHEEL.sql when the target file is missing.');
INSERT INTO defs VALUES(545,15,'function','fatal(message)','message','Writes an error prefixed with the script name and exits with failure.');
INSERT INTO defs VALUES(546,15,'function','init_param_mode()','None','Detects whether sqlite3 supports .parameter bindings and remembers the result.');
INSERT INTO defs VALUES(547,15,'function','join_with(delimiter, values...)','delimiter, values...','Joins non-empty strings with the requested delimiter for SQL assembly.');
INSERT INTO defs VALUES(548,15,'function','main(argv...)','argv...','Parses global switches, resolves subcommands, and routes execution accordingly.');
INSERT INTO defs VALUES(549,15,'function','parse_assignments(names_ref, values_ref, pairs...)','names_ref, values_ref, pairs...','Separates key=value pairs into aligned arrays for insert and update helpers.');
INSERT INTO defs VALUES(550,15,'function','refresh_sql_dump()','None','Writes the current database state to WHEEL.sql after mutating commands run.');
INSERT INTO defs VALUES(551,15,'function','sanitize_column_ref(ref)','ref','Validates dotted table.column references for dynamic filtering additions.');
INSERT INTO defs VALUES(552,15,'function','sanitize_identifier(name)','name','Validates bare SQLite identifiers so generated SQL never references unintended columns.');
INSERT INTO defs VALUES(553,15,'function','sql_quote(value)','value','Escapes single quotes and wraps a value for safe inclusion in literal SQL.');
INSERT INTO defs VALUES(554,15,'function','usage()','None','Prints a concise help screen covering global options and subcommands.');
INSERT INTO defs VALUES(555,15,'function','wrap_like(value)','value','Ensures LIKE filter inputs gain wildcard markers unless explicitly supplied.');
INSERT INTO defs VALUES(556,48,'function','triggerImpact()',NULL,'Applies a short random offset using the configured impact amplitude.');
INSERT INTO defs VALUES(557,48,'function','triggerBreach()',NULL,'Applies an exaggerated offset to emphasize a full column breach.');
INSERT INTO defs VALUES(558,48,'function','pulse(amplitude, duration)','amplitude:number, duration:int','Internal helper that randomizes a shake direction and animates the offsets back to rest.');
INSERT INTO defs VALUES(559,6,'member','property var runtimeData',NULL,'Optional reference to the runtime PowerupCardModel so the card can reflect live energy progress.');
INSERT INTO defs VALUES(560,6,'member','readonly property real runtimeEnergyProgress',NULL,'Normalized energy fill derived from runtimeData.energyProgress for sidebar progress visuals.');
INSERT INTO defs VALUES(561,10,'member','property Item battleGrid',NULL,'Reference to the paired BattleGrid so slot sizing and anchoring can follow the grid.');
INSERT INTO defs VALUES(562,10,'member','property real slotHeight',NULL,'Computed slot height capped by the linked battle grid height to keep four cards visible.');
INSERT INTO defs VALUES(563,10,'member','property real slotWidth',NULL,'Dynamic slot width that stretches cards to fill the sidebar minus padding.');
INSERT INTO defs VALUES(564,25,'function','ensureHeroWithinBounds()',NULL,'Clamp hero health to the legal range so shared block bindings stay consistent.');
INSERT INTO defs VALUES(565,25,'function','resetHeroVitals()',NULL,'Reinitialize the hero''s current health to its computed maximum.');
INSERT INTO defs VALUES(566,25,'function','applyHeroDamage(amount)','amount:number','Subtract damage from the hero, returning the post-damage health for downstream checks.');
INSERT INTO defs VALUES(567,25,'function','applyHeroHealing(amount)','amount:number','Restore hero health while respecting the maximum so defenses reflect the buff.');
INSERT INTO defs VALUES(568,25,'function','consumeEnergy()',NULL,'Spend the stored energy requirement when a powerup activates and recompute readiness.');
INSERT INTO defs VALUES(569,25,'function','resetEnergy()',NULL,'Clear accumulated energy and notify listeners that activation is on cooldown.');
INSERT INTO defs VALUES(570,25,'function','markHeroPlacedState(alive)','alive:bool','Toggle hero placed flags and refresh vitals when the card deploys onto a grid.');
INSERT INTO defs VALUES(571,25,'member','readonly property int heroMaxHealth',NULL,'Derived maximum hero health based on the card configuration.');
INSERT INTO defs VALUES(572,25,'member','property int heroCurrentHealth',NULL,'Mutable hero health mirrored onto bound grid blocks and UI.');
INSERT INTO defs VALUES(573,25,'member','readonly property real heroHealthProgress',NULL,'Normalized hero health used for lifebar visuals and bindings.');
INSERT INTO defs VALUES(574,25,'member','readonly property bool heroAlive',NULL,'Convenience flag indicating whether the deployed hero still has remaining health.');
INSERT INTO defs VALUES(575,25,'member','property var battleGrid',NULL,'Reference to the grid currently hosting the hero so activations know their context.');
INSERT INTO defs VALUES(576,25,'function','resetAfterHeroRemoval()',NULL,'Clear hero bindings after defeat, drop health to zero, and unlock redeployment.');
INSERT INTO defs VALUES(577,10,'signal','signal powerupActivationRequested(var cardData)','cardData','Emitted when a charged card is clicked to activate its powerup instead of dragging.');
INSERT INTO defs VALUES(578,10,'function','requestHeroActivation(slot)','slot:var','Validates hero state and emits powerupActivationRequested when a charged card is clicked.');
INSERT INTO defs VALUES(579,1,'function','applyBlockDelta(row, column, amount, operation, context)','row:int, column:int, amount:number, operation:string, context:var','Adjust a single block or hero cell by the requested delta, returning destruction details for ability effects.');
INSERT INTO defs VALUES(580,1,'function','applyBlockDeltaList(cells, amount, operation, context)','cells:var, amount:number, operation:string, context:var','Batch helper that routes area effects across multiple blocks using applyBlockDelta.');
INSERT INTO defs VALUES(581,1,'function','applyHeroDeltaByColor(color, amount, operation, context)','color:string, amount:number, operation:string, context:var','Apply damage or healing to every hero placement matching the requested card color.');
INSERT INTO defs VALUES(582,1,'function','requestSwapWrappers(row1, column1, row2, column2)','row1:int, column1:int, row2:int, column2:int','Attempts an adjacent swap while keeping hero placements intact, shifting entire hero groups when required.');
INSERT INTO defs VALUES(583,1,'function','handleHeroDefeat(placement, context)','placement:var, context:var','Tears down a defeated hero, flipping bound blocks to explode and releasing the placement.');
INSERT INTO defs VALUES(584,1,'function','applyDamageToHeroCell(row, column, amount, context)','row:int, column:int, amount:number, context:var','Redirect column damage into a hero binding, updating shared health and triggering defeat logic.');
INSERT INTO defs VALUES(585,1,'function','applyHeroHealingAt(row, column, amount, context)','row:int, column:int, amount:number, context:var','Heals the hero bound to the given cell and refreshes lifebar-bound block health.');
INSERT INTO defs VALUES(586,1,'function','attemptHeroShift(placement, deltaRow, deltaCol)','placement:var, deltaRow:int, deltaCol:int','Moves a hero footprint as a unit when swaps target one of its blocks, repositioning bound wrappers if valid.');
INSERT INTO defs VALUES(587,1,'function','ensureHeroCellMap()',NULL,'Synchronize the hero occupancy matrix with the current grid dimensions.');
INSERT INTO defs VALUES(588,1,'function','heroPlacementForCell(row, column)','row:int, column:int','Returns the registered hero placement covering the requested cell, if any.');
INSERT INTO defs VALUES(589,1,'function','bindHeroPlacement(placement)','placement:var','Recompute a hero''s bound block list and heroCell map after placement or movement.');
INSERT INTO defs VALUES(590,1,'function','refreshHeroBlockHealth(placement)','placement:var','Push the hero''s current health value into every bound block wrapper.');
INSERT INTO defs VALUES(591,1,'function','clearHeroPlacementCells(placement)','placement:var','Removes hero binding metadata from the grid prior to rebinding or release.');
INSERT INTO defs VALUES(592,2,'function','opposingGrid(grid)','grid:Item','Utility that returns the opposing battle grid for the provided grid reference.');
INSERT INTO defs VALUES(593,2,'function','adjustGridHealth(targetGrid, amount, operation)','targetGrid:Item, amount:number, operation:string','Applies healing or damage to a battle grid''s health pool in response to powerup effects.');
INSERT INTO defs VALUES(594,2,'function','triggerPowerupActivation(cardData, options)','cardData:var, options:var','Dispatches a powerup activation using the card''s targeting rules, draining energy unless instructed otherwise.');
INSERT INTO defs VALUES(595,1,'property','property int mainHealthMax',NULL,'Defines the grid''s maximum health capacity, providing a reference value for UI bars and healing clamping.');
INSERT INTO defs VALUES(596,49,'property','property Item battleGrid',NULL,'References the battle grid instance that supplies current and maximum health values.');
INSERT INTO defs VALUES(597,49,'property','readonly property int maxHealth',NULL,'Reflects the battle grid''s maximum health for progress calculations and display.');
INSERT INTO defs VALUES(599,1,'function','handleBlockDestroyed(event)','event','Pays out stored energy when a block is destroyed, awarding the attacking sidebar directly and clearing any hero-linked reserves.');
INSERT INTO defs VALUES(600,1,'function','registerBlockEntry(entry)','entry','Registers block entries for destruction and state-change events so hero-linked energy payouts and state sync stay consistent.');
INSERT INTO defs VALUES(601,1,'function','synchronizeHeroBlockState(entry, newState)','entry, newState','Keeps all blocks bound to a powerup hero in sync by mirroring state transitions and updating the hero avatar state.');
INSERT INTO defs VALUES(602,1,'function','isHeroOccupiedCell(row, column)','row:int, column:int','Reports whether the specified grid slot is reserved by a powerup hero footprint so compaction and fill routines can skip it.');
INSERT INTO defs VALUES(603,25,'property','property bool heroDefeated',NULL,'Indicates that the cards hero has been defeated, disabling future energy gain and redeployment from this slot.');
INSERT INTO defs VALUES(604,25,'function','markHeroDefeated()',NULL,'Locks the card after the bound hero is eliminated by zeroing energy, marking the slot as spent, and preventing further placement.');
INSERT INTO defs VALUES(605,11,'property','property string heroState',NULL,'Tracks the current block state for the bound hero so visuals can react alongside linked blocks.');
INSERT INTO defs VALUES(606,1,'function','attachWrapperToHeroCell(placement, row, column, wrapper)','placement:var, row:int, column:int, wrapper:var','Links a wrapper with the owning hero placement cell and keeps the bound block offsets updated.');
INSERT INTO defs VALUES(607,1,'function','detachWrapperFromHeroCell(placement, row, column, wrapper)','placement:var, row:int, column:int, wrapper:var','Removes a wrapper from hero-bound tracking and clears hero linkage when a cell no longer carries that block.');
INSERT INTO defs VALUES(608,50,'function','heroCellFulfillsIdle(grid, row, column, entry)','grid:var, row:int, column:int, entry:var','Reports whether the given grid cell should count as idle due to a PowerupHero footprint.');
INSERT INTO defs VALUES(609,50,'function','allEntriesIdleAllowMissing(grid)','grid:var','Checks that every populated grid cell is idle, treating hero-covered slots as satisfied.');
INSERT INTO defs VALUES(610,50,'function','allEntriesIdleNoMissing(grid)','grid:var','Ensures the grid is fully populated and that every cell is idle once hero exceptions are considered.');
INSERT INTO defs VALUES(611,50,'function','allEntriesIdleDestroyedOrMissing(grid)','grid:var','Verifies only idle or destroyed blocks remain in the grid after hero-linked cells are exempted.');
INSERT INTO defs VALUES(612,50,'function','hasMissingOrDestroyedBlocks(grid)','grid:var','Returns true when any cell is empty or destroyed, informing cascade handling.');
INSERT INTO defs VALUES(613,50,'function','hasActiveNonIdleBlocks(grid)','grid:var','Detects if any block is still mid-action (launch, match, explode) before finishing cascades.');
INSERT INTO defs VALUES(614,50,'function','handlePostSwapCascadeResolution(grid)','grid:var','Resolves post-swap cascading, resetting to idle once no loose blocks or active animations remain.');
INSERT INTO defs VALUES(615,50,'function','hasMatchedBlocks(grid)','grid:var','Checks the grid for any entries marked as matched to decide if launch state should begin.');
INSERT INTO defs VALUES(616,50,'function','markMatchedBlocks(grid)','grid:var','Evaluates horizontal and vertical runs, tagging qualifying wrappers as matched while respecting hero blockers.');
INSERT INTO defs VALUES(617,3,'function','crc32(inp_string)','inp_string:string','Produces an uppercase CRC32 hex digest for the supplied block-color signature string.');
INSERT INTO defs VALUES(618,21,'function','serialize()',NULL,'Returns a plain object snapshot of the block''s color, grid position, and health.');
INSERT INTO defs VALUES(619,50,'function','serializeBlocks(grid)','grid:var','Serializes each block entry in the grid''s matrix using its serialize helper and returns the collection.');
INSERT INTO defs VALUES(620,51,'function','schedulePlanning(reason)','reason:string','Queues a short-lived timer that will run the move planner once the AI can legally act.');
INSERT INTO defs VALUES(621,51,'function','canActNow()',NULL,'Returns true when the configured battle grid is the active turn owner, has moves remaining, and is waiting for player input.');
INSERT INTO defs VALUES(622,51,'function','planMove()',NULL,'Builds the current color matrix, harvests legal swaps, picks one at random, and emits swapRequested.');
INSERT INTO defs VALUES(623,51,'function','captureColorMatrix()',NULL,'Returns a grid of block colors derived from battleGrid.blockMatrix so swap calculations can ignore wrapper internals.');
INSERT INTO defs VALUES(624,51,'function','findCandidateSwaps(matrix)','matrix:var','Scans adjacent cell pairs and records those that would create a 3+ run if swapped.');
INSERT INTO defs VALUES(625,51,'function','swapCreatesMatch(matrix, row1, column1, row2, column2)','matrix:var, row1:int, column1:int, row2:int, column2:int','Temporarily swaps two cells inside the working color grid and reports whether either axis now holds a valid run.');
INSERT INTO defs VALUES(626,51,'function','hasLineMatchAt(matrix, row, column)','matrix:var, row:int, column:int','Counts contiguous like-colored cells around a coordinate horizontally and vertically to determine if it forms a run.');
INSERT INTO defs VALUES(627,51,'signal','swapRequested(row1, column1, row2, column2)','row1:int, column1:int, row2:int, column2:int','Emitted when the AI selects an adjacent swap that should be executed on the controlled battle grid.');
CREATE TABLE refs (
  id INTEGER PRIMARY KEY,
  def_id INTEGER NOT NULL,
  reference_def_id INTEGER NOT NULL,
  FOREIGN KEY(def_id) REFERENCES defs(id),
  FOREIGN KEY(reference_def_id) REFERENCES defs(id)
);
CREATE TABLE changes (
  id INTEGER PRIMARY KEY,
  title TEXT NOT NULL,
  context TEXT,
  status TEXT NOT NULL
);
INSERT INTO changes VALUES(1,'Wheel.sh integration test','Testing change addition via Codex agent','pending');
INSERT INTO changes VALUES(2,'BattleGrid launch payload framework','Add launch payload flow between BattleGrid, Factory, DebugScene','in_progress');
INSERT INTO changes VALUES(3,'Powerup hero sidebar groundwork','Add hero span data, editor fields, and sidebar hero drag scaffolding','in_progress');
INSERT INTO changes VALUES(4,'Gate debug scene behind match setup','Main menu should open MatchSetup before DebugScene','completed');
INSERT INTO changes VALUES(5,'Pass MatchSetup loadout to DebugScene','Debug flow should use player-selected powerups','completed');
INSERT INTO changes VALUES(6,'Fix BattleCardSidebar loadout wiring','Ensure sidebar cards display MatchSetup selections','completed');
INSERT INTO changes VALUES(7,'Restore sidebar drag interactions','Disable card click handlers so Engine.GameDragItem can drag','completed');
INSERT INTO changes VALUES(8,'Expand wheel CLI for metadata','Add todo/changes/files/defs shortcuts','complete');
INSERT INTO changes VALUES(9,'Audit files table for CMake/QML','Ensure every CMakeLists.txt and QML file is registered','complete');
INSERT INTO changes VALUES(10,'Import legacy WHEEl data','Sync missing files/defs from original db','complete');
INSERT INTO changes VALUES(11,'Battle grid shake feedback and energy payout',NULL,'in_progress');
CREATE TABLE change_files (
  id INTEGER PRIMARY KEY,
  change_id INTEGER NOT NULL,
  file_id INTEGER NOT NULL,
  FOREIGN KEY(change_id) REFERENCES changes(id),
  FOREIGN KEY(file_id) REFERENCES files(id)
);
INSERT INTO change_files VALUES(1,2,1);
INSERT INTO change_files VALUES(2,2,2);
INSERT INTO change_files VALUES(3,2,3);
INSERT INTO change_files VALUES(4,3,4);
INSERT INTO change_files VALUES(5,3,5);
INSERT INTO change_files VALUES(6,3,6);
INSERT INTO change_files VALUES(7,3,7);
INSERT INTO change_files VALUES(8,3,8);
INSERT INTO change_files VALUES(9,3,9);
INSERT INTO change_files VALUES(10,3,10);
INSERT INTO change_files VALUES(11,3,11);
INSERT INTO change_files VALUES(12,3,12);
INSERT INTO change_files VALUES(13,3,3);
INSERT INTO change_files VALUES(14,4,13);
INSERT INTO change_files VALUES(15,4,14);
INSERT INTO change_files VALUES(16,5,13);
INSERT INTO change_files VALUES(17,5,2);
INSERT INTO change_files VALUES(18,6,10);
INSERT INTO change_files VALUES(19,6,3);
INSERT INTO change_files VALUES(20,7,3);
INSERT INTO change_files VALUES(21,7,10);
INSERT INTO change_files VALUES(22,7,6);
INSERT INTO change_files VALUES(23,8,15);
INSERT INTO change_files VALUES(24,9,16);
INSERT INTO change_files VALUES(25,9,17);
INSERT INTO change_files VALUES(26,9,18);
INSERT INTO change_files VALUES(27,9,19);
INSERT INTO change_files VALUES(28,9,20);
INSERT INTO change_files VALUES(29,9,21);
INSERT INTO change_files VALUES(30,9,22);
INSERT INTO change_files VALUES(31,9,23);
INSERT INTO change_files VALUES(32,9,24);
INSERT INTO change_files VALUES(33,9,25);
INSERT INTO change_files VALUES(34,9,26);
INSERT INTO change_files VALUES(35,9,27);
INSERT INTO change_files VALUES(36,9,28);
INSERT INTO change_files VALUES(37,9,29);
INSERT INTO change_files VALUES(38,9,30);
INSERT INTO change_files VALUES(39,9,31);
INSERT INTO change_files VALUES(40,9,32);
INSERT INTO change_files VALUES(41,9,33);
INSERT INTO change_files VALUES(42,9,34);
INSERT INTO change_files VALUES(43,9,35);
INSERT INTO change_files VALUES(44,9,36);
INSERT INTO change_files VALUES(45,9,37);
INSERT INTO change_files VALUES(46,9,38);
INSERT INTO change_files VALUES(47,9,39);
INSERT INTO change_files VALUES(48,10,40);
INSERT INTO change_files VALUES(49,10,41);
INSERT INTO change_files VALUES(50,10,42);
INSERT INTO change_files VALUES(51,10,43);
INSERT INTO change_files VALUES(52,10,44);
INSERT INTO change_files VALUES(53,10,45);
INSERT INTO change_files VALUES(54,10,46);
INSERT INTO change_files VALUES(55,10,47);
INSERT INTO change_files VALUES(56,10,33);
INSERT INTO change_files VALUES(57,10,27);
INSERT INTO change_files VALUES(58,10,34);
INSERT INTO change_files VALUES(59,10,36);
INSERT INTO change_files VALUES(60,10,30);
INSERT INTO change_files VALUES(61,10,31);
INSERT INTO change_files VALUES(62,10,35);
INSERT INTO change_files VALUES(63,10,29);
INSERT INTO change_files VALUES(64,10,28);
INSERT INTO change_files VALUES(65,10,32);
INSERT INTO change_files VALUES(66,10,17);
INSERT INTO change_files VALUES(67,10,19);
INSERT INTO change_files VALUES(68,10,21);
INSERT INTO change_files VALUES(69,10,22);
INSERT INTO change_files VALUES(70,10,18);
INSERT INTO change_files VALUES(71,10,24);
INSERT INTO change_files VALUES(72,10,20);
INSERT INTO change_files VALUES(73,10,39);
INSERT INTO change_files VALUES(74,10,38);
INSERT INTO change_files VALUES(75,10,16);
INSERT INTO change_files VALUES(76,10,37);
INSERT INTO change_files VALUES(77,10,26);
INSERT INTO change_files VALUES(78,10,14);
INSERT INTO change_files VALUES(79,10,2);
INSERT INTO change_files VALUES(80,10,13);
INSERT INTO change_files VALUES(81,10,8);
INSERT INTO change_files VALUES(82,10,5);
INSERT INTO change_files VALUES(83,10,4);
INSERT INTO change_files VALUES(84,10,3);
INSERT INTO change_files VALUES(85,10,1);
INSERT INTO change_files VALUES(86,10,9);
INSERT INTO change_files VALUES(87,10,6);
INSERT INTO change_files VALUES(88,10,7);
INSERT INTO change_files VALUES(89,10,15);
INSERT INTO change_files VALUES(90,11,1);
INSERT INTO change_files VALUES(91,11,2);
INSERT INTO change_files VALUES(92,11,48);
INSERT INTO change_files VALUES(93,11,10);
INSERT INTO change_files VALUES(94,11,6);
CREATE TABLE change_defs (
  id INTEGER PRIMARY KEY,
  change_id INTEGER NOT NULL,
  file_id INTEGER NOT NULL,
  def_id INTEGER,
  description TEXT,
  FOREIGN KEY(change_id) REFERENCES changes(id),
  FOREIGN KEY(file_id) REFERENCES files(id),
  FOREIGN KEY(def_id) REFERENCES defs(id)
);
INSERT INTO change_defs VALUES(1,2,1,1,NULL);
INSERT INTO change_defs VALUES(2,2,1,2,NULL);
INSERT INTO change_defs VALUES(3,2,1,3,NULL);
INSERT INTO change_defs VALUES(4,2,1,4,NULL);
INSERT INTO change_defs VALUES(5,2,1,5,NULL);
INSERT INTO change_defs VALUES(6,2,1,6,NULL);
INSERT INTO change_defs VALUES(7,2,1,7,NULL);
INSERT INTO change_defs VALUES(8,2,3,8,NULL);
INSERT INTO change_defs VALUES(9,2,3,9,NULL);
INSERT INTO change_defs VALUES(10,2,2,10,NULL);
INSERT INTO change_defs VALUES(11,2,1,11,NULL);
INSERT INTO change_defs VALUES(12,2,1,12,NULL);
INSERT INTO change_defs VALUES(13,2,2,13,NULL);
INSERT INTO change_defs VALUES(14,2,1,14,NULL);
INSERT INTO change_defs VALUES(15,2,1,15,NULL);
INSERT INTO change_defs VALUES(16,2,1,16,NULL);
INSERT INTO change_defs VALUES(17,2,1,17,NULL);
INSERT INTO change_defs VALUES(18,2,1,18,NULL);
INSERT INTO change_defs VALUES(19,2,1,19,NULL);
INSERT INTO change_defs VALUES(20,2,1,20,NULL);
INSERT INTO change_defs VALUES(21,2,1,21,NULL);
INSERT INTO change_defs VALUES(22,2,2,22,NULL);
INSERT INTO change_defs VALUES(23,2,2,23,NULL);
INSERT INTO change_defs VALUES(24,2,2,24,NULL);
INSERT INTO change_defs VALUES(25,2,2,25,NULL);
INSERT INTO change_defs VALUES(26,2,2,26,NULL);
INSERT INTO change_defs VALUES(27,2,2,27,NULL);
INSERT INTO change_defs VALUES(28,2,1,28,NULL);
INSERT INTO change_defs VALUES(29,2,1,29,NULL);
INSERT INTO change_defs VALUES(30,2,1,30,NULL);
INSERT INTO change_defs VALUES(31,2,1,31,NULL);
INSERT INTO change_defs VALUES(32,2,1,32,NULL);
INSERT INTO change_defs VALUES(33,2,1,33,NULL);
INSERT INTO change_defs VALUES(34,2,1,34,NULL);
INSERT INTO change_defs VALUES(35,2,1,35,NULL);
INSERT INTO change_defs VALUES(36,2,1,36,NULL);
INSERT INTO change_defs VALUES(37,2,1,37,NULL);
INSERT INTO change_defs VALUES(38,2,1,38,NULL);
INSERT INTO change_defs VALUES(39,2,1,39,NULL);
INSERT INTO change_defs VALUES(40,2,1,40,NULL);
INSERT INTO change_defs VALUES(41,2,1,41,NULL);
INSERT INTO change_defs VALUES(42,2,1,42,NULL);
INSERT INTO change_defs VALUES(43,3,4,NULL,'Add hero span properties and persistence hooks to PowerupItem');
INSERT INTO change_defs VALUES(44,3,5,NULL,'Extend database schema and serialization for hero spans');
INSERT INTO change_defs VALUES(45,3,6,NULL,'Expose hero metadata on PowerupCard visuals');
INSERT INTO change_defs VALUES(46,3,7,NULL,'Carry hero span data through catalog selections');
INSERT INTO change_defs VALUES(47,3,8,NULL,'Allow editing hero dimensions in powerup editor');
INSERT INTO change_defs VALUES(48,3,9,NULL,'Store hero span data in match setup loadouts');
INSERT INTO change_defs VALUES(49,3,10,NULL,'Implement battle card sidebar UI and drag scaffolding');
INSERT INTO change_defs VALUES(50,3,11,NULL,'Add PowerupHero visual component for drag feedback');
INSERT INTO change_defs VALUES(51,3,12,NULL,'Provide shared powerup card data object');
INSERT INTO change_defs VALUES(52,3,3,NULL,'Add factory helper for battle card sidebar cards');
INSERT INTO change_defs VALUES(53,4,13,NULL,'Wire Debug button through MatchSetup overlay');
INSERT INTO change_defs VALUES(54,4,14,NULL,'Update Main.qml to rely on MainMenuScene debug flow');
INSERT INTO change_defs VALUES(55,4,13,94,'Track pending loadout between MatchSetup and DebugScene.');
INSERT INTO change_defs VALUES(56,4,13,95,'Expose helper to open MatchSetup while suppressing duplicates.');
INSERT INTO change_defs VALUES(57,4,13,96,'Allow callers to close MatchSetup and optionally clear pending data.');
INSERT INTO change_defs VALUES(58,4,13,97,'Handle Proceed by destroying MatchSetup and launching DebugScene.');
INSERT INTO change_defs VALUES(59,5,2,98,'Expose providedLoadout property to accept MatchSetup data.');
INSERT INTO change_defs VALUES(60,5,2,99,'Normalize and apply provided loadouts before falling back to database records.');
INSERT INTO change_defs VALUES(61,7,6,100,'Expose interactive property to disable MouseArea for drag contexts.');
INSERT INTO change_defs VALUES(62,8,15,NULL,'Add todo/changes/files/defs command handlers');
INSERT INTO change_defs VALUES(63,8,15,101,'Change 8: wheel.sh CLI shortcut');
INSERT INTO change_defs VALUES(64,8,15,102,'Change 8: wheel.sh CLI shortcut');
INSERT INTO change_defs VALUES(65,8,15,103,'Change 8: wheel.sh CLI shortcut');
INSERT INTO change_defs VALUES(66,8,15,104,'Change 8: wheel.sh CLI shortcut');
INSERT INTO change_defs VALUES(67,8,15,105,'Change 8: wheel.sh CLI shortcut');
INSERT INTO change_defs VALUES(68,8,15,106,'Change 8: wheel.sh CLI shortcut');
INSERT INTO change_defs VALUES(69,8,15,107,'Change 8: wheel.sh CLI shortcut');
INSERT INTO change_defs VALUES(70,8,15,108,'Change 8: wheel.sh CLI shortcut');
INSERT INTO change_defs VALUES(71,8,15,109,'Change 8: wheel.sh CLI shortcut');
INSERT INTO change_defs VALUES(72,8,15,110,'Change 8: wheel.sh CLI shortcut');
INSERT INTO change_defs VALUES(73,8,15,111,'Change 8: wheel.sh CLI shortcut');
INSERT INTO change_defs VALUES(74,8,15,112,'Change 8: wheel.sh CLI shortcut');
INSERT INTO change_defs VALUES(75,8,15,113,'Change 8: wheel.sh CLI shortcut');
INSERT INTO change_defs VALUES(76,8,15,114,'Change 8: wheel.sh CLI shortcut');
INSERT INTO change_defs VALUES(77,8,15,115,'Change 8: wheel.sh CLI shortcut');
INSERT INTO change_defs VALUES(78,8,15,116,'Change 8: wheel.sh CLI shortcut');
INSERT INTO change_defs VALUES(79,8,15,117,'Change 8: wheel.sh CLI shortcut');
INSERT INTO change_defs VALUES(80,8,15,118,'Change 8: wheel.sh CLI shortcut');
INSERT INTO change_defs VALUES(81,8,15,119,'Change 8: wheel.sh CLI shortcut');
INSERT INTO change_defs VALUES(82,8,15,120,'Change 8: wheel.sh CLI shortcut');
INSERT INTO change_defs VALUES(83,8,15,121,'Change 8: wheel.sh CLI shortcut');
INSERT INTO change_defs VALUES(84,8,15,122,'Change 8: wheel.sh CLI shortcut');
INSERT INTO change_defs VALUES(85,8,15,123,'Change 8: wheel.sh CLI shortcut');
INSERT INTO change_defs VALUES(86,8,15,124,'Change 8: wheel.sh CLI shortcut');
INSERT INTO change_defs VALUES(87,8,15,125,'Change 8: wheel.sh CLI shortcut');
INSERT INTO change_defs VALUES(88,8,15,126,'Change 8: wheel.sh CLI shortcut');
INSERT INTO change_defs VALUES(89,8,15,127,'Change 8: wheel.sh CLI shortcut');
INSERT INTO change_defs VALUES(90,8,15,128,'Change 8: wheel.sh CLI shortcut');
INSERT INTO change_defs VALUES(91,10,14,129,'Imported member id debugScene from WHEEl.db');
INSERT INTO change_defs VALUES(92,10,14,130,'Imported member id powerupEditor from WHEEl.db');
INSERT INTO change_defs VALUES(93,10,33,131,'Imported function deriveParent() from WHEEl.db');
INSERT INTO change_defs VALUES(94,10,33,132,'Imported function isUndefined(object) from WHEEl.db');
INSERT INTO change_defs VALUES(95,10,33,133,'Imported function loadComponent(componentObject) from WHEEl.db');
INSERT INTO change_defs VALUES(96,10,33,134,'Imported member property alias itemComponent: abstractGameItemLoader.sourceComponent from WHEEl.db');
INSERT INTO change_defs VALUES(97,10,33,135,'Imported member property var gameScene from WHEEl.db');
INSERT INTO change_defs VALUES(98,10,33,136,'Imported member property var itemHeight from WHEEl.db');
INSERT INTO change_defs VALUES(99,10,33,137,'Imported member property var itemInstance from WHEEl.db');
INSERT INTO change_defs VALUES(100,10,33,138,'Imported member property var itemName from WHEEl.db');
INSERT INTO change_defs VALUES(101,10,33,139,'Imported member property var itemParent from WHEEl.db');
INSERT INTO change_defs VALUES(102,10,33,140,'Imported member property var itemWidth from WHEEl.db');
INSERT INTO change_defs VALUES(103,10,33,141,'Imported member property var pendingOffsetX: 0 from WHEEl.db');
INSERT INTO change_defs VALUES(104,10,33,142,'Imported member property var pendingOffsetY: 0 from WHEEl.db');
INSERT INTO change_defs VALUES(105,10,33,143,'Imported member property var sceneX: 0 from WHEEl.db');
INSERT INTO change_defs VALUES(106,10,33,144,'Imported member property var sceneY: 0 from WHEEl.db');
INSERT INTO change_defs VALUES(107,10,34,145,'Imported member property bool isAlreadyDisplaced: false from WHEEl.db');
INSERT INTO change_defs VALUES(108,10,34,146,'Imported member property int columnIndex: 0 from WHEEl.db');
INSERT INTO change_defs VALUES(109,10,34,147,'Imported member property int rowIndex: 0 from WHEEl.db');
INSERT INTO change_defs VALUES(110,10,34,148,'Imported member property int sourceIndex: 0 from WHEEl.db');
INSERT INTO change_defs VALUES(111,10,34,149,'Imported member property int startColumn: 0 from WHEEl.db');
INSERT INTO change_defs VALUES(112,10,34,150,'Imported member property int startRow: 0 from WHEEl.db');
INSERT INTO change_defs VALUES(113,10,34,151,'Imported member property int targetIndex: 0 from WHEEl.db');
INSERT INTO change_defs VALUES(114,10,34,152,'Imported member property int visualIndex: 0 from WHEEl.db');
INSERT INTO change_defs VALUES(115,10,34,153,'Imported member property var entry: null from WHEEl.db');
INSERT INTO change_defs VALUES(116,10,36,154,'Imported function destroySceneItem() from WHEEl.db');
INSERT INTO change_defs VALUES(117,10,36,155,'Imported member default property alias content: dragContentWrapper.data from WHEEl.db');
INSERT INTO change_defs VALUES(118,10,36,156,'Imported member property alias contentItem: dragContentWrapper from WHEEl.db');
INSERT INTO change_defs VALUES(119,10,36,157,'Imported member property bool animationEnabledX: true from WHEEl.db');
INSERT INTO change_defs VALUES(120,10,36,158,'Imported member property bool animationEnabledY: true from WHEEl.db');
INSERT INTO change_defs VALUES(121,10,36,159,'Imported member property bool dragActive: false from WHEEl.db');
INSERT INTO change_defs VALUES(122,10,36,160,'Imported member property real dragCurrentX: 0 from WHEEl.db');
INSERT INTO change_defs VALUES(123,10,36,161,'Imported member property real dragCurrentY: 0 from WHEEl.db');
INSERT INTO change_defs VALUES(124,10,36,162,'Imported member property real dragStartX: 0 from WHEEl.db');
INSERT INTO change_defs VALUES(125,10,36,163,'Imported member property real dragStartY: 0 from WHEEl.db');
INSERT INTO change_defs VALUES(126,10,36,164,'Imported member property var animationDurationX: 200 from WHEEl.db');
INSERT INTO change_defs VALUES(127,10,36,165,'Imported member property var animationDurationY: 200 from WHEEl.db');
INSERT INTO change_defs VALUES(128,10,36,166,'Imported member property var payload: [] from WHEEl.db');
INSERT INTO change_defs VALUES(129,10,36,167,'Imported member required property var entry from WHEEl.db');
INSERT INTO change_defs VALUES(130,10,36,168,'Imported member required property var gameScene from WHEEl.db');
INSERT INTO change_defs VALUES(131,10,36,169,'Imported member required property var itemName from WHEEl.db');
INSERT INTO change_defs VALUES(132,10,36,170,'Imported signal signal entryDestroyed(string itemName) from WHEEl.db');
INSERT INTO change_defs VALUES(133,10,36,171,'Imported signal signal itemDraggedTo(string itemName, real x, real y, var offsets) from WHEEl.db');
INSERT INTO change_defs VALUES(134,10,36,172,'Imported signal signal itemDragging(string itemName, real x, real y) from WHEEl.db');
INSERT INTO change_defs VALUES(135,10,36,173,'Imported signal signal itemDropped(string itemName, real x, real y, real startX, real startY) from WHEEl.db');
INSERT INTO change_defs VALUES(136,10,30,174,'Imported function isGameDragItem(item) from WHEEl.db');
INSERT INTO change_defs VALUES(137,10,30,175,'Imported function snapItemToCenter(dragItem) from WHEEl.db');
INSERT INTO change_defs VALUES(138,10,30,176,'Imported member default property alias content: contentWrapper.data from WHEEl.db');
INSERT INTO change_defs VALUES(139,10,30,177,'Imported member property alias contentItem: contentWrapper from WHEEl.db');
INSERT INTO change_defs VALUES(140,10,30,178,'Imported member property bool autoSnap: true from WHEEl.db');
INSERT INTO change_defs VALUES(141,10,30,179,'Imported member property bool containsDrag: dropItemRoot.containsDrag from WHEEl.db');
INSERT INTO change_defs VALUES(142,10,30,180,'Imported member property var entry from WHEEl.db');
INSERT INTO change_defs VALUES(143,10,30,181,'Imported member property var gameScene from WHEEl.db');
INSERT INTO change_defs VALUES(144,10,30,182,'Imported member property var itemName from WHEEl.db');
INSERT INTO change_defs VALUES(145,10,30,183,'Imported signal signal dragItemEntered(var itemName, var dragEvent) from WHEEl.db');
INSERT INTO change_defs VALUES(146,10,30,184,'Imported signal signal dragItemExited(var itemName, var dragEvent) from WHEEl.db');
INSERT INTO change_defs VALUES(147,10,31,185,'Imported member required property var gameScene from WHEEl.db');
INSERT INTO change_defs VALUES(148,10,31,186,'Imported member required property var itemName from WHEEl.db');
INSERT INTO change_defs VALUES(149,10,35,187,'Imported member GridLayout { } from WHEEl.db');
INSERT INTO change_defs VALUES(150,10,29,188,'Imported function addSceneDragItem(itemName, itemObject) from WHEEl.db');
INSERT INTO change_defs VALUES(151,10,29,189,'Imported function addSceneDropItem(itemName, itemObject) from WHEEl.db');
INSERT INTO change_defs VALUES(152,10,29,190,'Imported function addSceneItem(itemName, itemObject) from WHEEl.db');
INSERT INTO change_defs VALUES(153,10,29,191,'Imported function getSceneItem(itemName) from WHEEl.db');
INSERT INTO change_defs VALUES(154,10,29,192,'Imported function handleDragItemDropped(itemName, _x, _y, _startx, _starty) from WHEEl.db');
INSERT INTO change_defs VALUES(155,10,29,193,'Imported function handleDragItemMoved(itemName, _x, _y, offsets) from WHEEl.db');
INSERT INTO change_defs VALUES(156,10,29,194,'Imported function handleDragItemStartDrag(itemName, _x, _y) from WHEEl.db');
INSERT INTO change_defs VALUES(157,10,29,195,'Imported function handleDropItemEntered(_itemName, _dragEvent) from WHEEl.db');
INSERT INTO change_defs VALUES(158,10,29,196,'Imported function handleDropItemExited(_itemName, _dragEvent) from WHEEl.db');
INSERT INTO change_defs VALUES(159,10,29,197,'Imported function listOverlappingItems(_itemName, matchstring = "") from WHEEl.db');
INSERT INTO change_defs VALUES(160,10,29,198,'Imported function listSceneDropItemsAt(_x = -1, _y = -1, matchString = "") from WHEEl.db');
INSERT INTO change_defs VALUES(161,10,29,199,'Imported function rectsOverlap(a, b) from WHEEl.db');
INSERT INTO change_defs VALUES(162,10,29,200,'Imported function removeSceneItem(itemName) from WHEEl.db');
INSERT INTO change_defs VALUES(163,10,29,201,'Imported function setSceneItemProperties(itemName, propsObject) from WHEEl.db');
INSERT INTO change_defs VALUES(164,10,29,202,'Imported member property var activeDrag: ({ source: null, target: null, exiting: false }) from WHEEl.db');
INSERT INTO change_defs VALUES(165,10,29,203,'Imported member property var parentScene from WHEEl.db');
INSERT INTO change_defs VALUES(166,10,29,204,'Imported member property var sceneHeight from WHEEl.db');
INSERT INTO change_defs VALUES(167,10,29,205,'Imported member property var sceneItems: ({}) from WHEEl.db');
INSERT INTO change_defs VALUES(168,10,29,206,'Imported member property var sceneName from WHEEl.db');
INSERT INTO change_defs VALUES(169,10,29,207,'Imported member property var sceneWidth from WHEEl.db');
INSERT INTO change_defs VALUES(170,10,29,208,'Imported signal signal itemDragMoved(string itemName, var dragItem, real x, real y, var offsets) from WHEEl.db');
INSERT INTO change_defs VALUES(171,10,29,209,'Imported signal signal itemDragStarted(string itemName, var dragItem, real x, real y) from WHEEl.db');
INSERT INTO change_defs VALUES(172,10,29,210,'Imported signal signal itemDroppedInDropArea(string dragItemName, var dragItem, string dropItemName, var dropItem, real startX, real startY, real endX, real endY) from WHEEl.db');
INSERT INTO change_defs VALUES(173,10,28,211,'Imported function startAnimation() from WHEEl.db');
INSERT INTO change_defs VALUES(174,10,28,212,'Imported member property alias frameCount: spriteRoot.frameCount from WHEEl.db');
INSERT INTO change_defs VALUES(175,10,28,213,'Imported member property alias frameDuration: spriteRoot.frameDuration from WHEEl.db');
INSERT INTO change_defs VALUES(176,10,28,214,'Imported member property alias frameHeight: spriteRoot.frameHeight from WHEEl.db');
INSERT INTO change_defs VALUES(177,10,28,215,'Imported member property alias frameWidth: spriteRoot.frameWidth from WHEEl.db');
INSERT INTO change_defs VALUES(178,10,28,216,'Imported member property alias loops: spriteRoot.loops from WHEEl.db');
INSERT INTO change_defs VALUES(179,10,28,217,'Imported member property alias spriteSheetFile: spriteRoot.source from WHEEl.db');
INSERT INTO change_defs VALUES(180,10,28,218,'Imported signal signal animationBeginCallback(var itemName) from WHEEl.db');
INSERT INTO change_defs VALUES(181,10,28,219,'Imported signal signal animationEndCallback(var itemName) from WHEEl.db');
INSERT INTO change_defs VALUES(182,10,37,220,'Imported function function addState(stateName) from WHEEl.db');
INSERT INTO change_defs VALUES(183,10,37,221,'Imported function function addStateTransition(startState, evaluationHandler, destinationState, options) from WHEEl.db');
INSERT INTO change_defs VALUES(184,10,37,222,'Imported function function addStates(stateNames) from WHEEl.db');
INSERT INTO change_defs VALUES(185,10,37,223,'Imported function function bindContext(contextInstance, statePropertyName) from WHEEl.db');
INSERT INTO change_defs VALUES(186,10,37,224,'Imported function function checkTransitions(stateName) from WHEEl.db');
INSERT INTO change_defs VALUES(187,10,37,225,'Imported function function clearStateTransitions(startState) from WHEEl.db');
INSERT INTO change_defs VALUES(188,10,37,226,'Imported function function currentState() from WHEEl.db');
INSERT INTO change_defs VALUES(189,10,37,227,'Imported function function hasState(stateName) from WHEEl.db');
INSERT INTO change_defs VALUES(190,10,37,228,'Imported function function listStateTransitions(startState) from WHEEl.db');
INSERT INTO change_defs VALUES(191,10,37,229,'Imported function function removeStateTransition(startState, transitionId) from WHEEl.db');
INSERT INTO change_defs VALUES(192,10,37,230,'Imported function function reset() from WHEEl.db');
INSERT INTO change_defs VALUES(193,10,37,231,'Imported member property alias contextObject: binding.contextObject from WHEEl.db');
INSERT INTO change_defs VALUES(194,10,37,232,'Imported member property alias contextStateProperty: binding.stateProperty from WHEEl.db');
INSERT INTO change_defs VALUES(195,10,37,233,'Imported signal signal transitionEvaluated(string previousState, string nextState, int transitionId, var metadata) from WHEEl.db');
INSERT INTO change_defs VALUES(196,10,37,234,'Imported signal signal transitionToNewState(string previousState, string nextState) from WHEEl.db');
INSERT INTO change_defs VALUES(197,10,32,235,'Imported member AbstractGameItem { } from WHEEl.db');
INSERT INTO change_defs VALUES(198,10,2,236,'Imported function createBlock(color) from WHEEl.db');
INSERT INTO change_defs VALUES(199,10,2,237,'Imported member property alias checkRefillTimer: checkRefillTimer from WHEEl.db');
INSERT INTO change_defs VALUES(200,10,2,238,'Imported member property int launchIndex: 0 from WHEEl.db');
INSERT INTO change_defs VALUES(201,10,2,239,'Imported member property var blocks: [] from WHEEl.db');
INSERT INTO change_defs VALUES(202,10,13,240,'Imported signal signal debugChosen() from WHEEl.db');
INSERT INTO change_defs VALUES(203,10,13,241,'Imported signal signal exitChosen() from WHEEl.db');
INSERT INTO change_defs VALUES(204,10,13,242,'Imported signal signal multiPlayerChosen() from WHEEl.db');
INSERT INTO change_defs VALUES(205,10,13,243,'Imported signal signal optionsChosen() from WHEEl.db');
INSERT INTO change_defs VALUES(206,10,13,244,'Imported signal signal powerupEditorChosen() from WHEEl.db');
INSERT INTO change_defs VALUES(207,10,13,245,'Imported signal signal singlePlayerChosen() from WHEEl.db');
INSERT INTO change_defs VALUES(208,10,8,246,'Imported function applyEditorRecord(record) from WHEEl.db');
INSERT INTO change_defs VALUES(209,10,8,247,'Imported function buildPayloadFromEditor() from WHEEl.db');
INSERT INTO change_defs VALUES(210,10,8,248,'Imported function cardColorHex(name) from WHEEl.db');
INSERT INTO change_defs VALUES(211,10,8,249,'Imported function clearEditor() from WHEEl.db');
INSERT INTO change_defs VALUES(212,10,8,250,'Imported function cloneBlockArray(items) from WHEEl.db');
INSERT INTO change_defs VALUES(213,10,8,251,'Imported function deserializeSpecData(value) from WHEEl.db');
INSERT INTO change_defs VALUES(214,10,8,252,'Imported function handleDeletePowerup() from WHEEl.db');
INSERT INTO change_defs VALUES(215,10,8,253,'Imported function handleNewPowerup() from WHEEl.db');
INSERT INTO change_defs VALUES(216,10,8,254,'Imported function handleSavePowerup() from WHEEl.db');
INSERT INTO change_defs VALUES(217,10,8,255,'Imported function indexForValue(list, value) from WHEEl.db');
INSERT INTO change_defs VALUES(218,10,8,256,'Imported function isBlockSelected(row, col) from WHEEl.db');
INSERT INTO change_defs VALUES(219,10,8,257,'Imported function loadPowerupFromDatabase(uuid) from WHEEl.db');
INSERT INTO change_defs VALUES(220,10,8,258,'Imported function toggleBlock(row, col) from WHEEl.db');
INSERT INTO change_defs VALUES(221,10,8,259,'Imported member property bool editingActive: editingPowerup.powerupUuid.length > 0 from WHEEl.db');
INSERT INTO change_defs VALUES(222,10,8,260,'Imported member readonly property var cardColorOptions: [ from WHEEl.db');
INSERT INTO change_defs VALUES(223,10,8,261,'Imported member readonly property var operationOptions: [ from WHEEl.db');
INSERT INTO change_defs VALUES(224,10,8,262,'Imported member readonly property var targetOptions: [ from WHEEl.db');
INSERT INTO change_defs VALUES(225,10,8,263,'Imported member readonly property var targetSpecOptions: [ from WHEEl.db');
INSERT INTO change_defs VALUES(226,10,8,264,'Imported signal signal closeRequested() from WHEEl.db');
INSERT INTO change_defs VALUES(227,10,26,265,'Imported function cloneSimple(source) from WHEEl.db');
INSERT INTO change_defs VALUES(228,10,26,266,'Imported function createDefaultStateActions() from WHEEl.db');
INSERT INTO change_defs VALUES(229,10,26,267,'Imported function enqueueManagedState(stateName, overrideOptions) from WHEEl.db');
INSERT INTO change_defs VALUES(230,10,26,268,'Imported function extendLifecycleOptions(baseState, baseOptions, overrides) from WHEEl.db');
INSERT INTO change_defs VALUES(231,10,26,269,'Imported function function attachGrid(newGrid) from WHEEl.db');
INSERT INTO change_defs VALUES(232,10,26,270,'Imported function function collectManagedStates() from WHEEl.db');
INSERT INTO change_defs VALUES(233,10,26,271,'Imported function function detachGrid() from WHEEl.db');
INSERT INTO change_defs VALUES(234,10,26,272,'Imported function function enqueueInitialStateBootstrap() from WHEEl.db');
INSERT INTO change_defs VALUES(235,10,26,273,'Imported function function enqueueInitializationTransition() from WHEEl.db');
INSERT INTO change_defs VALUES(236,10,26,274,'Imported function function enqueueInitializedState(payload) from WHEEl.db');
INSERT INTO change_defs VALUES(237,10,26,275,'Imported function function ensureConnections() from WHEEl.db');
INSERT INTO change_defs VALUES(238,10,26,276,'Imported function function evaluateInitializationCompletion(contextInstance) from WHEEl.db');
INSERT INTO change_defs VALUES(239,10,26,277,'Imported function function evaluateInitializationRequest(contextInstance) from WHEEl.db');
INSERT INTO change_defs VALUES(240,10,26,278,'Imported function function evaluateTransitions() from WHEEl.db');
INSERT INTO change_defs VALUES(241,10,26,279,'Imported function function handleQueueItemCompletion(queueItem, completionContext) from WHEEl.db');
INSERT INTO change_defs VALUES(242,10,26,280,'Imported function function handleStateTransitionFinished(fromState, toState, metadata) from WHEEl.db');
INSERT INTO change_defs VALUES(243,10,26,281,'Imported function function handleTransition(previousState, nextState) from WHEEl.db');
INSERT INTO change_defs VALUES(244,10,26,282,'Imported function function registerDefaultTransitions() from WHEEl.db');
INSERT INTO change_defs VALUES(245,10,26,283,'Imported function function resetRuntimeFlags() from WHEEl.db');
INSERT INTO change_defs VALUES(246,10,26,284,'Imported function handleCompletedState(completionContext) from WHEEl.db');
INSERT INTO change_defs VALUES(247,10,26,285,'Imported member property bool autoAttach: true from WHEEl.db');
INSERT INTO change_defs VALUES(248,10,26,286,'Imported member property var battleGrid: null from WHEEl.db');
INSERT INTO change_defs VALUES(249,10,5,287,'Imported function builtinPowerups() from WHEEl.db');
INSERT INTO change_defs VALUES(250,10,5,288,'Imported function clearLoadout() from WHEEl.db');
INSERT INTO change_defs VALUES(251,10,5,289,'Imported function createPowerup(initialValues) from WHEEl.db');
INSERT INTO change_defs VALUES(252,10,5,290,'Imported function deletePowerup(uuid) from WHEEl.db');
INSERT INTO change_defs VALUES(253,10,5,291,'Imported function ensureSchema() from WHEEl.db');
INSERT INTO change_defs VALUES(254,10,5,292,'Imported function execute(sql, parameters) from WHEEl.db');
INSERT INTO change_defs VALUES(255,10,5,293,'Imported function fetchAllPowerups() from WHEEl.db');
INSERT INTO change_defs VALUES(256,10,5,294,'Imported function fetchLoadout() from WHEEl.db');
INSERT INTO change_defs VALUES(257,10,5,295,'Imported function fetchPowerup(uuid) from WHEEl.db');
INSERT INTO change_defs VALUES(258,10,5,296,'Imported function generatePowerupUuid() from WHEEl.db');
INSERT INTO change_defs VALUES(259,10,5,297,'Imported function mapRowToPowerup(row) from WHEEl.db');
INSERT INTO change_defs VALUES(260,10,5,298,'Imported function normalizeLoadoutRows(rows) from WHEEl.db');
INSERT INTO change_defs VALUES(261,10,5,299,'Imported function open() from WHEEl.db');
INSERT INTO change_defs VALUES(262,10,5,300,'Imported function queryAll(sql, parameters) from WHEEl.db');
INSERT INTO change_defs VALUES(263,10,5,301,'Imported function savePowerup(powerup) from WHEEl.db');
INSERT INTO change_defs VALUES(264,10,5,302,'Imported function seedBuiltinsIfNeeded() from WHEEl.db');
INSERT INTO change_defs VALUES(265,10,5,303,'Imported function serializeTargetSpecDataForStorage(targetSpec, data) from WHEEl.db');
INSERT INTO change_defs VALUES(266,10,5,304,'Imported function setLoadoutSlot(slot, powerupUuid) from WHEEl.db');
INSERT INTO change_defs VALUES(267,10,5,305,'Imported function withTransaction(callback) from WHEEl.db');
INSERT INTO change_defs VALUES(268,10,5,306,'Imported member property int estimatedSize: 5 * 1024 * 1024 from WHEEl.db');
INSERT INTO change_defs VALUES(269,10,5,307,'Imported member property string databaseLabel: "Blockwars Powerup Database" from WHEEl.db');
INSERT INTO change_defs VALUES(270,10,5,308,'Imported member property string databaseName: "BlockwarsPowerups" from WHEEl.db');
INSERT INTO change_defs VALUES(271,10,5,309,'Imported member property string databaseVersion: "1.0" from WHEEl.db');
INSERT INTO change_defs VALUES(272,10,5,310,'Imported member property var __connection: null from WHEEl.db');
INSERT INTO change_defs VALUES(273,10,5,311,'Imported signal signal schemaReady() from WHEEl.db');
INSERT INTO change_defs VALUES(274,10,4,312,'Imported function calculateEnergyRequired() from WHEEl.db');
INSERT INTO change_defs VALUES(275,10,4,313,'Imported function effectiveAmount() from WHEEl.db');
INSERT INTO change_defs VALUES(276,10,4,314,'Imported function ensureSpecDataDefaults() from WHEEl.db');
INSERT INTO change_defs VALUES(277,10,4,315,'Imported function setTarget(target) from WHEEl.db');
INSERT INTO change_defs VALUES(278,10,4,316,'Imported function setTargetSpec(spec, specData) from WHEEl.db');
INSERT INTO change_defs VALUES(279,10,4,317,'Imported function targetBlockCount() from WHEEl.db');
INSERT INTO change_defs VALUES(280,10,4,318,'Imported function updateEnergyRequirement() from WHEEl.db');
INSERT INTO change_defs VALUES(281,10,4,319,'Imported member property bool powerupIsCustom: false from WHEEl.db');
INSERT INTO change_defs VALUES(282,10,4,320,'Imported member property int powerupActualAmount: 0 from WHEEl.db');
INSERT INTO change_defs VALUES(283,10,4,321,'Imported member property int powerupCardEnergyRequired: 0 from WHEEl.db');
INSERT INTO change_defs VALUES(284,10,4,322,'Imported member property int powerupCardHealth: 0 from WHEEl.db');
INSERT INTO change_defs VALUES(285,10,4,323,'Imported member property string powerupCardColor: "blue" from WHEEl.db');
INSERT INTO change_defs VALUES(286,10,4,324,'Imported member property string powerupName: "" from WHEEl.db');
INSERT INTO change_defs VALUES(287,10,4,325,'Imported member property string powerupOperation: operations.Increase from WHEEl.db');
INSERT INTO change_defs VALUES(288,10,4,326,'Imported member property string powerupTarget: targets.Self from WHEEl.db');
INSERT INTO change_defs VALUES(289,10,4,327,'Imported member property string powerupTargetSpec: targetSpecs.PlayerHealth from WHEEl.db');
INSERT INTO change_defs VALUES(290,10,4,328,'Imported member property string powerupUuid: "" from WHEEl.db');
INSERT INTO change_defs VALUES(291,10,4,329,'Imported member property var powerupTargetSpecData: [] from WHEEl.db');
INSERT INTO change_defs VALUES(292,10,4,330,'Imported member readonly property var operations: ({ from WHEEl.db');
INSERT INTO change_defs VALUES(293,10,4,331,'Imported member readonly property var targetSpecs: ({ from WHEEl.db');
INSERT INTO change_defs VALUES(294,10,4,332,'Imported member readonly property var targets: ({ from WHEEl.db');
INSERT INTO change_defs VALUES(295,10,4,333,'Imported signal signal energyRecalculated(int energyRequired) from WHEEl.db');
INSERT INTO change_defs VALUES(296,10,3,334,'Imported function uid(prefix) from WHEEl.db');
INSERT INTO change_defs VALUES(297,10,3,335,'Imported member let _seq = 0; from WHEEl.db');
INSERT INTO change_defs VALUES(298,10,40,336,'Imported function gridPos(index, o) from WHEEl.db');
INSERT INTO change_defs VALUES(299,10,1,337,'Imported function cellPosition(row, column) from WHEEl.db');
INSERT INTO change_defs VALUES(300,10,1,338,'Imported function clearWrapperAt(row, column) from WHEEl.db');
INSERT INTO change_defs VALUES(301,10,1,339,'Imported function compactColumns() from WHEEl.db');
INSERT INTO change_defs VALUES(302,10,1,340,'Imported function enqueueBattleEvent(eventObject) from WHEEl.db');
INSERT INTO change_defs VALUES(303,10,1,341,'Imported function enqueueLifecycleForState(baseState) from WHEEl.db');
INSERT INTO change_defs VALUES(304,10,1,342,'Imported function ensureMatrix() from WHEEl.db');
INSERT INTO change_defs VALUES(305,10,1,343,'Imported function fillGrid() from WHEEl.db');
INSERT INTO change_defs VALUES(306,10,1,344,'Imported function fillMissingBlocks() from WHEEl.db');
INSERT INTO change_defs VALUES(307,10,1,345,'Imported function findWrapperPosition(wrapper) from WHEEl.db');
INSERT INTO change_defs VALUES(308,10,1,346,'Imported function getBlockEntryAt(row, column) from WHEEl.db');
INSERT INTO change_defs VALUES(309,10,1,347,'Imported function getBlockWrapper(row, column) from WHEEl.db');
INSERT INTO change_defs VALUES(310,10,1,348,'Imported function handleLifecycleCompleted(forms, context) from WHEEl.db');
INSERT INTO change_defs VALUES(311,10,1,349,'Imported function handleStateChange(newState, oldState) from WHEEl.db');
INSERT INTO change_defs VALUES(312,10,1,350,'Imported function isLifecycleQueued(baseState) from WHEEl.db');
INSERT INTO change_defs VALUES(313,10,1,351,'Imported function isPromiseLike(value) from WHEEl.db');
INSERT INTO change_defs VALUES(314,10,1,352,'Imported function launchMatchedBlocks() from WHEEl.db');
INSERT INTO change_defs VALUES(315,10,1,353,'Imported function markMatchedBlocks() from WHEEl.db');
INSERT INTO change_defs VALUES(316,10,1,354,'Imported function moveWrapper(wrapper, targetRow, targetColumn) from WHEEl.db');
INSERT INTO change_defs VALUES(317,10,1,355,'Imported function normalizeStateName(value) from WHEEl.db');
INSERT INTO change_defs VALUES(318,10,1,356,'Imported function processNextQueueItem() from WHEEl.db');
INSERT INTO change_defs VALUES(319,10,1,357,'Imported function requestState(baseState) from WHEEl.db');
INSERT INTO change_defs VALUES(320,10,1,358,'Imported function setGridStateInternal(stateName, suppressHandler) from WHEEl.db');
INSERT INTO change_defs VALUES(321,10,1,359,'Imported function setWrapperAt(row, column, wrapper) from WHEEl.db');
INSERT INTO change_defs VALUES(322,10,1,360,'Imported function spawnMissingBlocks() from WHEEl.db');
INSERT INTO change_defs VALUES(323,10,1,361,'Imported function stateFormsFor(stateValue) from WHEEl.db');
INSERT INTO change_defs VALUES(324,10,1,362,'Imported member property bool queueProcessing: false from WHEEl.db');
INSERT INTO change_defs VALUES(325,10,1,363,'Imported member property bool suppressStateHandler: false from WHEEl.db');
INSERT INTO change_defs VALUES(326,10,1,364,'Imported member property int blockSequence: 0 from WHEEl.db');
INSERT INTO change_defs VALUES(327,10,1,365,'Imported member property int cellH: 50 from WHEEl.db');
INSERT INTO change_defs VALUES(328,10,1,366,'Imported member property int cellW: 50 from WHEEl.db');
INSERT INTO change_defs VALUES(329,10,1,367,'Imported member property int gapX: 2 from WHEEl.db');
INSERT INTO change_defs VALUES(330,10,1,368,'Imported member property int gapY: 2 from WHEEl.db');
INSERT INTO change_defs VALUES(331,10,1,369,'Imported member property int gridCols: 6 from WHEEl.db');
INSERT INTO change_defs VALUES(332,10,1,370,'Imported member property int gridRows: 6 from WHEEl.db');
INSERT INTO change_defs VALUES(333,10,1,371,'Imported member property int originX: 40 from WHEEl.db');
INSERT INTO change_defs VALUES(334,10,1,372,'Imported member property int originY: 40 from WHEEl.db');
INSERT INTO change_defs VALUES(335,10,1,373,'Imported member property string currentState: "init" from WHEEl.db');
INSERT INTO change_defs VALUES(336,10,1,374,'Imported member property string previousState:  from WHEEl.db');
INSERT INTO change_defs VALUES(337,10,1,375,'Imported member property var activeQueueItem: null from WHEEl.db');
INSERT INTO change_defs VALUES(338,10,1,376,'Imported member property var battleQueue: [] from WHEEl.db');
INSERT INTO change_defs VALUES(339,10,1,377,'Imported member property var gameScene from WHEEl.db');
INSERT INTO change_defs VALUES(340,10,1,378,'Imported member property var instances: [] from WHEEl.db');
INSERT INTO change_defs VALUES(341,10,1,379,'Imported member readonly property string blockIdPrefix: "grid_block" from WHEEl.db');
INSERT INTO change_defs VALUES(342,10,1,380,'Imported member readonly property var blockPalette: ["red", "blue", "green", "yellow"] from WHEEl.db');
INSERT INTO change_defs VALUES(343,10,1,381,'Imported member readonly property var stateList from WHEEl.db');
INSERT INTO change_defs VALUES(344,10,1,382,'Imported property property string launchDirection: down from WHEEl.db');
INSERT INTO change_defs VALUES(345,10,1,383,'Imported property property var blockMatrix: [] from WHEEl.db');
INSERT INTO change_defs VALUES(346,10,1,384,'Imported property readonly property int gridHeight: (gridRows * cellH) + Math.max(0, gridRows - 1) * gapY from WHEEl.db');
INSERT INTO change_defs VALUES(347,10,21,385,'Imported function blockLaunchSpriteSheet() from WHEEl.db');
INSERT INTO change_defs VALUES(348,10,21,386,'Imported member property Component explodeComponent: blockExplodeComponent from WHEEl.db');
INSERT INTO change_defs VALUES(349,10,21,387,'Imported member property Component idleComponent: blockIdleComponent from WHEEl.db');
INSERT INTO change_defs VALUES(350,10,21,388,'Imported member property Component launchComponent: blockLaunchComponent from WHEEl.db');
INSERT INTO change_defs VALUES(351,10,21,389,'Imported member property alias source: blockLoader.source from WHEEl.db');
INSERT INTO change_defs VALUES(352,10,21,390,'Imported member property int column: -1 from WHEEl.db');
INSERT INTO change_defs VALUES(353,10,21,391,'Imported member property int maxRows: 0 from WHEEl.db');
INSERT INTO change_defs VALUES(354,10,21,392,'Imported member property int row: -1 from WHEEl.db');
INSERT INTO change_defs VALUES(355,10,21,393,'Imported member property var blockColor from WHEEl.db');
INSERT INTO change_defs VALUES(356,10,21,394,'Imported member property var blockState: "init" from WHEEl.db');
INSERT INTO change_defs VALUES(357,10,21,395,'Imported member property var gameScene from WHEEl.db');
INSERT INTO change_defs VALUES(358,10,21,396,'Imported member property var itemName from WHEEl.db');
INSERT INTO change_defs VALUES(359,10,21,397,'Imported member property var lowerBlockRefs: [] from WHEEl.db');
INSERT INTO change_defs VALUES(360,10,21,398,'Imported signal signal blockDestroyed(var itemName) from WHEEl.db');
INSERT INTO change_defs VALUES(361,10,19,399,'Imported function burstAt(xpos, ypos) from WHEEl.db');
INSERT INTO change_defs VALUES(362,10,19,400,'Imported member property var system from WHEEl.db');
INSERT INTO change_defs VALUES(363,10,22,401,'Imported function centerItem(dragItem) from WHEEl.db');
INSERT INTO change_defs VALUES(364,10,22,402,'Imported function clearAssignment() from WHEEl.db');
INSERT INTO change_defs VALUES(365,10,22,403,'Imported function hasItem() from WHEEl.db');
INSERT INTO change_defs VALUES(366,10,22,404,'Imported member property Item battleGrid: null from WHEEl.db');
INSERT INTO change_defs VALUES(367,10,22,405,'Imported member property bool __gridRegistered: false from WHEEl.db');
INSERT INTO change_defs VALUES(368,10,22,406,'Imported member property bool showDebugBorder: false from WHEEl.db');
INSERT INTO change_defs VALUES(369,10,22,407,'Imported member property color borderColor: "#335D6C7C" from WHEEl.db');
INSERT INTO change_defs VALUES(370,10,22,408,'Imported member property color hoverColor: "#33FFFFFF" from WHEEl.db');
INSERT INTO change_defs VALUES(371,10,22,409,'Imported member property color idleColor: "transparent" from WHEEl.db');
INSERT INTO change_defs VALUES(372,10,22,410,'Imported member property color occupiedColor: "#3340FF80" from WHEEl.db');
INSERT INTO change_defs VALUES(373,10,22,411,'Imported member property int columnIndex: -1 from WHEEl.db');
INSERT INTO change_defs VALUES(374,10,22,412,'Imported member property int rowIndex: -1 from WHEEl.db');
INSERT INTO change_defs VALUES(375,10,22,413,'Imported member property var assignedItem: null from WHEEl.db');
INSERT INTO change_defs VALUES(376,10,22,414,'Imported signal signal assignmentChanged(var item) from WHEEl.db');
INSERT INTO change_defs VALUES(377,10,18,415,'Imported member property int columnIndex: 0 from WHEEl.db');
INSERT INTO change_defs VALUES(378,10,18,416,'Imported member property var cellModel: [] from WHEEl.db');
INSERT INTO change_defs VALUES(379,10,18,417,'Imported member property var gameScene from WHEEl.db');
INSERT INTO change_defs VALUES(380,10,18,418,'Imported member property var root from WHEEl.db');
INSERT INTO change_defs VALUES(381,10,18,419,'Imported member property var rowCount: 6 from WHEEl.db');
INSERT INTO change_defs VALUES(382,10,9,420,'Imported component Component { id: slotAreaComponent } from WHEEl.db');
INSERT INTO change_defs VALUES(383,10,9,421,'Imported function assignPowerupToSlot(slot, powerupUuid) from WHEEl.db');
INSERT INTO change_defs VALUES(384,10,9,422,'Imported function closeCatalog() from WHEEl.db');
INSERT INTO change_defs VALUES(385,10,9,423,'Imported function createSlots() from WHEEl.db');
INSERT INTO change_defs VALUES(386,10,9,424,'Imported function deserializeSpecData(value) from WHEEl.db');
INSERT INTO change_defs VALUES(387,10,9,425,'Imported function destroySlots() from WHEEl.db');
INSERT INTO change_defs VALUES(388,10,9,426,'Imported function handlePowerupChosen(record) from WHEEl.db');
INSERT INTO change_defs VALUES(389,10,9,427,'Imported function openCatalog(slot) from WHEEl.db');
INSERT INTO change_defs VALUES(390,10,9,428,'Imported function refreshLoadout() from WHEEl.db');
INSERT INTO change_defs VALUES(391,10,9,429,'Imported member property bool catalogVisible: false from WHEEl.db');
INSERT INTO change_defs VALUES(392,10,9,430,'Imported member property int selectedSlot: -1 from WHEEl.db');
INSERT INTO change_defs VALUES(393,10,9,431,'Imported member property var loadoutData: [] from WHEEl.db');
INSERT INTO change_defs VALUES(394,10,9,432,'Imported member property var slots: [] from WHEEl.db');
INSERT INTO change_defs VALUES(395,10,9,433,'Imported member readonly property var slotCount: 4 from WHEEl.db');
INSERT INTO change_defs VALUES(396,10,9,434,'Imported signal signal closeRequested() from WHEEl.db');
INSERT INTO change_defs VALUES(397,10,9,435,'Imported signal signal proceedRequested(var loadout) from WHEEl.db');
INSERT INTO change_defs VALUES(398,10,9,436,'Imported signal signal updatedSlotData(int slot, var record) from WHEEl.db');
INSERT INTO change_defs VALUES(399,10,20,437,'Imported member property alias buttonText: buttonRoot.text from WHEEl.db');
INSERT INTO change_defs VALUES(400,10,20,438,'Imported member property var parentItem from WHEEl.db');
INSERT INTO change_defs VALUES(401,10,6,439,'Imported function applyRecord(record) from WHEEl.db');
INSERT INTO change_defs VALUES(402,10,6,440,'Imported function cardColor() from WHEEl.db');
INSERT INTO change_defs VALUES(403,10,6,441,'Imported function cardColorHex() from WHEEl.db');
INSERT INTO change_defs VALUES(404,10,6,442,'Imported function formattedAmount() from WHEEl.db');
INSERT INTO change_defs VALUES(405,10,6,443,'Imported function targetedBlocksContains(row, col) from WHEEl.db');
INSERT INTO change_defs VALUES(406,10,6,444,'Imported function unselectedBlockColor() from WHEEl.db');
INSERT INTO change_defs VALUES(407,10,6,445,'Imported member property alias powerupActualAmount: powerup.powerupActualAmount from WHEEl.db');
INSERT INTO change_defs VALUES(408,10,6,446,'Imported member property alias powerupCardColor: powerup.powerupCardColor from WHEEl.db');
INSERT INTO change_defs VALUES(409,10,6,447,'Imported member property alias powerupCardEnergyRequired: powerup.powerupCardEnergyRequired from WHEEl.db');
INSERT INTO change_defs VALUES(410,10,6,448,'Imported member property alias powerupCardHealth: powerup.powerupCardHealth from WHEEl.db');
INSERT INTO change_defs VALUES(411,10,6,449,'Imported member property alias powerupIsCustom: powerup.powerupIsCustom from WHEEl.db');
INSERT INTO change_defs VALUES(412,10,6,450,'Imported member property alias powerupName: powerup.powerupName from WHEEl.db');
INSERT INTO change_defs VALUES(413,10,6,451,'Imported member property alias powerupOperation: powerup.powerupOperation from WHEEl.db');
INSERT INTO change_defs VALUES(414,10,6,452,'Imported member property alias powerupTarget: powerup.powerupTarget from WHEEl.db');
INSERT INTO change_defs VALUES(415,10,6,453,'Imported member property alias powerupTargetSpec: powerup.powerupTargetSpec from WHEEl.db');
INSERT INTO change_defs VALUES(416,10,6,454,'Imported member property alias powerupTargetSpecData: powerup.powerupTargetSpecData from WHEEl.db');
INSERT INTO change_defs VALUES(417,10,6,455,'Imported member property alias powerupUuid: powerup.powerupUuid from WHEEl.db');
INSERT INTO change_defs VALUES(418,10,6,456,'Imported member readonly property var colorPalette: ({ from WHEEl.db');
INSERT INTO change_defs VALUES(419,10,6,457,'Imported signal signal activated(string powerupUuid) from WHEEl.db');
INSERT INTO change_defs VALUES(420,10,7,458,'Imported function deserializeSpecData(value) from WHEEl.db');
INSERT INTO change_defs VALUES(421,10,7,459,'Imported function refresh() from WHEEl.db');
INSERT INTO change_defs VALUES(422,10,7,460,'Imported member property alias database: database from WHEEl.db');
INSERT INTO change_defs VALUES(423,10,7,461,'Imported member property alias model: powerupModel from WHEEl.db');
INSERT INTO change_defs VALUES(424,10,7,462,'Imported signal signal powerupChosen(var record) from WHEEl.db');
INSERT INTO change_defs VALUES(425,10,41,463,'Imported member <qresource prefix="/"> from WHEEl.db');
INSERT INTO change_defs VALUES(426,10,39,464,'Imported function _init() from WHEEl.db');
INSERT INTO change_defs VALUES(427,10,39,465,'Imported function _instanceOfSignal(object) from WHEEl.db');
INSERT INTO change_defs VALUES(428,10,39,466,'Imported function all(promises) from WHEEl.db');
INSERT INTO change_defs VALUES(429,10,39,467,'Imported function allSettled(promises) from WHEEl.db');
INSERT INTO change_defs VALUES(430,10,39,468,'Imported function instanceOfPromise(object) from WHEEl.db');
INSERT INTO change_defs VALUES(431,10,39,469,'Imported function reject(reason) from WHEEl.db');
INSERT INTO change_defs VALUES(432,10,39,470,'Imported function resolve(value) from WHEEl.db');
INSERT INTO change_defs VALUES(433,10,39,471,'Imported function setTimeout(callback, interval) from WHEEl.db');
INSERT INTO change_defs VALUES(434,10,39,472,'Imported function then(onFulfilled, onRejected) from WHEEl.db');
INSERT INTO change_defs VALUES(435,10,39,473,'Imported member default property alias data: promise.__data from WHEEl.db');
INSERT INTO change_defs VALUES(436,10,39,474,'Imported member property bool isFulfilled : false from WHEEl.db');
INSERT INTO change_defs VALUES(437,10,39,475,'Imported member property bool isRejected : false from WHEEl.db');
INSERT INTO change_defs VALUES(438,10,39,476,'Imported member property bool isSettled : isFulfilled  from WHEEl.db');
INSERT INTO change_defs VALUES(439,10,39,477,'Imported member property list<QtObject> __data: [QtObject{}] from WHEEl.db');
INSERT INTO change_defs VALUES(440,10,39,478,'Imported member property var ___promiseQmlSignature71237___ from WHEEl.db');
INSERT INTO change_defs VALUES(441,10,39,479,'Imported member property var _promise; from WHEEl.db');
INSERT INTO change_defs VALUES(442,10,39,480,'Imported member property var rejectWhen from WHEEl.db');
INSERT INTO change_defs VALUES(443,10,39,481,'Imported member property var resolveWhen from WHEEl.db');
INSERT INTO change_defs VALUES(444,10,39,482,'Imported signal signal fulfilled(var value) from WHEEl.db');
INSERT INTO change_defs VALUES(445,10,39,483,'Imported signal signal rejected(var reason) from WHEEl.db');
INSERT INTO change_defs VALUES(446,10,39,484,'Imported signal signal settled(var value) from WHEEl.db');
INSERT INTO change_defs VALUES(447,10,38,485,'Imported member Timer { running: false; repeat: false } from WHEEl.db');
INSERT INTO change_defs VALUES(448,10,42,486,'Imported function Combinator(promises, allSettled) from WHEEl.db');
INSERT INTO change_defs VALUES(449,10,42,487,'Imported function Combinator.prototype._addCheckedPromise(promise) from WHEEl.db');
INSERT INTO change_defs VALUES(450,10,42,488,'Imported function Combinator.prototype._addPromise(promise) from WHEEl.db');
INSERT INTO change_defs VALUES(451,10,42,489,'Imported function Combinator.prototype._addPromises(promises) from WHEEl.db');
INSERT INTO change_defs VALUES(452,10,42,490,'Imported function Combinator.prototype._reject(reason) from WHEEl.db');
INSERT INTO change_defs VALUES(453,10,42,491,'Imported function Combinator.prototype._settle() from WHEEl.db');
INSERT INTO change_defs VALUES(454,10,42,492,'Imported function Combinator.prototype.add(promises) from WHEEl.db');
INSERT INTO change_defs VALUES(455,10,42,493,'Imported function QPromise(executor) from WHEEl.db');
INSERT INTO change_defs VALUES(456,10,42,494,'Imported function QPromise.prototype._emit(arr, value) from WHEEl.db');
INSERT INTO change_defs VALUES(457,10,42,495,'Imported function QPromise.prototype._executeThen() from WHEEl.db');
INSERT INTO change_defs VALUES(458,10,42,496,'Imported function QPromise.prototype._rejectUnsafe(reason) from WHEEl.db');
INSERT INTO change_defs VALUES(459,10,42,497,'Imported function QPromise.prototype._resolveInTick(value) from WHEEl.db');
INSERT INTO change_defs VALUES(460,10,42,498,'Imported function QPromise.prototype._resolveUnsafe(value) from WHEEl.db');
INSERT INTO change_defs VALUES(461,10,42,499,'Imported function QPromise.prototype._setState(state) from WHEEl.db');
INSERT INTO change_defs VALUES(462,10,42,500,'Imported function QPromise.prototype.reject(reason) from WHEEl.db');
INSERT INTO change_defs VALUES(463,10,42,501,'Imported function QPromise.prototype.resolve(value) from WHEEl.db');
INSERT INTO change_defs VALUES(464,10,42,502,'Imported function QPromise.prototype.then(onFulfilled, onRejected) from WHEEl.db');
INSERT INTO change_defs VALUES(465,10,42,503,'Imported function _instanceOfSignal(object) from WHEEl.db');
INSERT INTO change_defs VALUES(466,10,42,504,'Imported function all(promises) from WHEEl.db');
INSERT INTO change_defs VALUES(467,10,42,505,'Imported function allSettled(promises) from WHEEl.db');
INSERT INTO change_defs VALUES(468,10,42,506,'Imported function clearTimeout(timerId) from WHEEl.db');
INSERT INTO change_defs VALUES(469,10,42,507,'Imported function combinator(promises, allSettled) from WHEEl.db');
INSERT INTO change_defs VALUES(470,10,42,508,'Imported function instanceOfPromise(object) from WHEEl.db');
INSERT INTO change_defs VALUES(471,10,42,509,'Imported function instanceOfPromiseItem(object) from WHEEl.db');
INSERT INTO change_defs VALUES(472,10,42,510,'Imported function instanceOfPromiseJS(object) from WHEEl.db');
INSERT INTO change_defs VALUES(473,10,42,511,'Imported function promise(executor) from WHEEl.db');
INSERT INTO change_defs VALUES(474,10,42,512,'Imported function reject(reason) from WHEEl.db');
INSERT INTO change_defs VALUES(475,10,42,513,'Imported function rejected(reason) from WHEEl.db');
INSERT INTO change_defs VALUES(476,10,42,514,'Imported function resolve(result) from WHEEl.db');
INSERT INTO change_defs VALUES(477,10,42,515,'Imported function resolved(result) from WHEEl.db');
INSERT INTO change_defs VALUES(478,10,42,516,'Imported function setTimeout(callback, timeout) from WHEEl.db');
INSERT INTO change_defs VALUES(479,10,42,517,'Imported member QPromise.all = all from WHEEl.db');
INSERT INTO change_defs VALUES(480,10,42,518,'Imported member QPromise.reject = reject from WHEEl.db');
INSERT INTO change_defs VALUES(481,10,42,519,'Imported member QPromise.resolve = resolve from WHEEl.db');
INSERT INTO change_defs VALUES(482,10,43,520,'Imported member Promise 1.0 Promise.qml from WHEEl.db');
INSERT INTO change_defs VALUES(483,10,43,521,'Imported member Q 1.0 promise.js from WHEEl.db');
INSERT INTO change_defs VALUES(484,10,43,522,'Imported member module PromiseLib from WHEEl.db');
INSERT INTO change_defs VALUES(485,10,44,523,'Imported function main(int argc, char *argv[]) from WHEEl.db');
INSERT INTO change_defs VALUES(486,10,45,524,'Imported function Pool::Pool(QObject *parent) from WHEEl.db');
INSERT INTO change_defs VALUES(487,10,45,525,'Imported function Pool::loadNumbers() from WHEEl.db');
INSERT INTO change_defs VALUES(488,10,45,526,'Imported function Pool::nextColor(int current_index) from WHEEl.db');
INSERT INTO change_defs VALUES(489,10,45,527,'Imported function Pool::randomNumber(int current_index) from WHEEl.db');
INSERT INTO change_defs VALUES(490,10,46,528,'Imported function Pool(QObject *parent = nullptr) from WHEEl.db');
INSERT INTO change_defs VALUES(491,10,46,529,'Imported function loadNumbers() from WHEEl.db');
INSERT INTO change_defs VALUES(492,10,46,530,'Imported function nextColor(int current_index = -1) from WHEEl.db');
INSERT INTO change_defs VALUES(493,10,46,531,'Imported function randomNumber(int current_index = -1) from WHEEl.db');
INSERT INTO change_defs VALUES(494,10,46,532,'Imported member QHash<int, int> m_numbers; from WHEEl.db');
INSERT INTO change_defs VALUES(495,10,46,533,'Imported member int pool_index; from WHEEl.db');
INSERT INTO change_defs VALUES(496,10,15,534,'Imported function build_search_clause(term, columns...) from WHEEl.db');
INSERT INTO change_defs VALUES(497,10,15,535,'Imported function command_delete(table, options...) from WHEEl.db');
INSERT INTO change_defs VALUES(498,10,15,536,'Imported function command_describe(table, options...) from WHEEl.db');
INSERT INTO change_defs VALUES(499,10,15,537,'Imported function command_insert(table, assignments...) from WHEEl.db');
INSERT INTO change_defs VALUES(500,10,15,538,'Imported function command_plan(change_id) from WHEEl.db');
INSERT INTO change_defs VALUES(501,10,15,539,'Imported function command_query(args...) from WHEEl.db');
INSERT INTO change_defs VALUES(502,10,15,540,'Imported function command_raw(sql...) from WHEEl.db');
INSERT INTO change_defs VALUES(503,10,15,541,'Imported function command_search(args...) from WHEEl.db');
INSERT INTO change_defs VALUES(504,10,15,542,'Imported function command_update(table, options...) from WHEEl.db');
INSERT INTO change_defs VALUES(505,10,15,543,'Imported function debug(message) from WHEEl.db');
INSERT INTO change_defs VALUES(506,10,15,544,'Imported function ensure_db() from WHEEl.db');
INSERT INTO change_defs VALUES(507,10,15,545,'Imported function fatal(message) from WHEEl.db');
INSERT INTO change_defs VALUES(508,10,15,546,'Imported function init_param_mode() from WHEEl.db');
INSERT INTO change_defs VALUES(509,10,15,547,'Imported function join_with(delimiter, values...) from WHEEl.db');
INSERT INTO change_defs VALUES(510,10,15,548,'Imported function main(argv...) from WHEEl.db');
INSERT INTO change_defs VALUES(511,10,15,549,'Imported function parse_assignments(names_ref, values_ref, pairs...) from WHEEl.db');
INSERT INTO change_defs VALUES(512,10,15,550,'Imported function refresh_sql_dump() from WHEEl.db');
INSERT INTO change_defs VALUES(513,10,15,551,'Imported function sanitize_column_ref(ref) from WHEEl.db');
INSERT INTO change_defs VALUES(514,10,15,552,'Imported function sanitize_identifier(name) from WHEEl.db');
INSERT INTO change_defs VALUES(515,10,15,553,'Imported function sql_quote(value) from WHEEl.db');
INSERT INTO change_defs VALUES(516,10,15,554,'Imported function usage() from WHEEl.db');
INSERT INTO change_defs VALUES(517,10,15,555,'Imported function wrap_like(value) from WHEEl.db');
INSERT INTO change_defs VALUES(518,10,39,476,'Corrected isSettled property signature from WHEEl.db import');
INSERT INTO change_defs VALUES(519,11,1,4,NULL);
INSERT INTO change_defs VALUES(520,11,1,36,NULL);
INSERT INTO change_defs VALUES(521,11,2,77,NULL);
INSERT INTO change_defs VALUES(522,11,48,556,NULL);
INSERT INTO change_defs VALUES(523,11,48,557,NULL);
INSERT INTO change_defs VALUES(524,11,48,558,NULL);
INSERT INTO change_defs VALUES(525,11,6,559,NULL);
INSERT INTO change_defs VALUES(526,11,6,560,NULL);
INSERT INTO change_defs VALUES(527,11,10,561,NULL);
INSERT INTO change_defs VALUES(528,11,10,562,NULL);
INSERT INTO change_defs VALUES(529,11,10,563,NULL);
INSERT INTO change_defs VALUES(530,11,12,564,NULL);
INSERT INTO change_defs VALUES(531,11,12,565,NULL);
INSERT INTO change_defs VALUES(532,11,12,566,NULL);
INSERT INTO change_defs VALUES(533,11,12,567,NULL);
INSERT INTO change_defs VALUES(534,11,12,568,NULL);
INSERT INTO change_defs VALUES(535,11,12,569,NULL);
INSERT INTO change_defs VALUES(536,11,12,570,NULL);
INSERT INTO change_defs VALUES(537,11,12,571,NULL);
INSERT INTO change_defs VALUES(538,11,12,572,NULL);
INSERT INTO change_defs VALUES(539,11,12,573,NULL);
INSERT INTO change_defs VALUES(540,11,12,574,NULL);
INSERT INTO change_defs VALUES(541,11,12,575,NULL);
INSERT INTO change_defs VALUES(542,11,12,576,NULL);
INSERT INTO change_defs VALUES(543,11,10,577,NULL);
INSERT INTO change_defs VALUES(544,11,10,578,NULL);
INSERT INTO change_defs VALUES(545,11,1,579,NULL);
INSERT INTO change_defs VALUES(546,11,1,580,NULL);
INSERT INTO change_defs VALUES(547,11,1,581,NULL);
INSERT INTO change_defs VALUES(548,11,1,582,NULL);
INSERT INTO change_defs VALUES(549,11,1,583,NULL);
INSERT INTO change_defs VALUES(550,11,1,584,NULL);
INSERT INTO change_defs VALUES(551,11,1,585,NULL);
INSERT INTO change_defs VALUES(552,11,1,586,NULL);
INSERT INTO change_defs VALUES(553,11,1,587,NULL);
INSERT INTO change_defs VALUES(554,11,1,588,NULL);
INSERT INTO change_defs VALUES(555,11,1,589,NULL);
INSERT INTO change_defs VALUES(556,11,1,590,NULL);
INSERT INTO change_defs VALUES(557,11,1,591,NULL);
INSERT INTO change_defs VALUES(558,11,2,592,NULL);
INSERT INTO change_defs VALUES(559,11,2,593,NULL);
INSERT INTO change_defs VALUES(560,11,2,594,NULL);
CREATE TABLE todo (
  id INTEGER PRIMARY KEY,
  change_id INTEGER NOT NULL,
  change_defs_id INTEGER,
  change_files_id INTEGER,
  description TEXT NOT NULL,
  FOREIGN KEY(change_id) REFERENCES changes(id),
  FOREIGN KEY(change_defs_id) REFERENCES change_defs(id),
  FOREIGN KEY(change_files_id) REFERENCES change_files(id)
);
INSERT INTO todo VALUES(1,2,1,1,'Add signal for raw launch payload emission.');
INSERT INTO todo VALUES(2,2,2,1,'Expose outward-facing launch payload signal.');
INSERT INTO todo VALUES(3,2,3,1,'Implement payload augmentation handler on BattleGrid.');
INSERT INTO todo VALUES(4,2,4,1,'Create damage resolution routine for incoming launch payloads.');
INSERT INTO todo VALUES(5,2,5,1,'Extend launchMatchedBlocks to emit payload data.');
INSERT INTO todo VALUES(6,2,6,1,'Add UUID property for identifying grids in payloads.');
INSERT INTO todo VALUES(7,2,7,1,'Introduce mainHealth property for overflow damage tracking.');
INSERT INTO todo VALUES(8,2,8,3,'Update createBlock wiring for launch payload relay.');
INSERT INTO todo VALUES(9,2,9,3,'Add helper to register battle grid signal connections.');
INSERT INTO todo VALUES(10,2,10,2,'Handle distributed launch payloads and forward to target grid.');
INSERT INTO todo VALUES(11,2,11,1,'Emit launch endpoint notification with position data.');
INSERT INTO todo VALUES(12,2,12,1,'Expose getEntryAt convenience accessor for launch tracking.');
INSERT INTO todo VALUES(13,2,13,2,'Forward launch endpoint updates to originating grid for animation.');
INSERT INTO todo VALUES(14,2,14,1,'Track internal registration guard for launch relay wiring.');
INSERT INTO todo VALUES(15,2,15,1,'Emit post-swap cascade status signal from BattleGrid.');
INSERT INTO todo VALUES(16,2,16,1,'Track BattleGrid postSwapCascading flag.');
INSERT INTO todo VALUES(17,2,17,1,'Provide helper to broadcast post-swap cascade payload.');
INSERT INTO todo VALUES(18,2,18,1,'Handle opponent post-swap cascade notifications.');
INSERT INTO todo VALUES(19,2,19,1,'Detect missing or destroyed blocks during cascade resolution.');
INSERT INTO todo VALUES(20,2,20,1,'Check for active non-idle blocks before ending cascade.');
INSERT INTO todo VALUES(21,2,21,1,'Reset grid to idle when post-swap cascading concludes.');
INSERT INTO todo VALUES(22,2,22,2,'Track turn coordination state references in DebugScene.');
INSERT INTO todo VALUES(23,2,23,2,'Normalize state helper for turn synchronization.');
INSERT INTO todo VALUES(24,2,24,2,'Finalize turn-state swap when defender is idle.');
INSERT INTO todo VALUES(25,2,25,2,'Timer-driven check for defender readiness.');
INSERT INTO todo VALUES(26,2,26,2,'Kick off wait/idle sequencing on turn change.');
INSERT INTO todo VALUES(27,2,27,2,'Forward post-swap cascade notifications between grids.');
INSERT INTO todo VALUES(28,2,28,1,'Store launch sequence coordinates for snake-pattern launches.');
INSERT INTO todo VALUES(29,2,29,1,'Track current index into launch sequence.');
INSERT INTO todo VALUES(30,2,30,1,'Check for idle entries allowing gaps after compact.');
INSERT INTO todo VALUES(31,2,31,1,'Verify grid fully populated and idle post-fill.');
INSERT INTO todo VALUES(32,2,32,1,'Confirm launch cleanup leaves only idle/destroyed blocks.');
INSERT INTO todo VALUES(33,2,33,1,'Detect presence of matched blocks before launching.');
INSERT INTO todo VALUES(34,2,34,1,'Generate snake-order launch traversal.');
INSERT INTO todo VALUES(35,2,35,1,'Reset launch sequence before processing matched blocks.');
INSERT INTO todo VALUES(36,2,36,1,'Emit launch payload for matched entry when triggered.');
INSERT INTO todo VALUES(37,2,37,1,'Provide helper to stop all state timers during transitions.');
INSERT INTO todo VALUES(38,2,38,1,'Gate transition from compact to fill using idle/missing check.');
INSERT INTO todo VALUES(39,2,39,1,'Transition from fill to match once the board is fully idle.');
INSERT INTO todo VALUES(40,2,40,1,'Evaluate match results to choose between launch or idle.');
INSERT INTO todo VALUES(41,2,41,1,'Only advance from launch once all blocks settle to idle/destroyed.');
INSERT INTO todo VALUES(42,2,42,1,'Iterate snake-pattern launch sequence one block at a time.');
INSERT INTO todo VALUES(43,3,43,NULL,'Add hero span properties to PowerupItem plus defaults and watchers');
INSERT INTO todo VALUES(44,3,44,NULL,'Expand PowerupDatabase schema/migrations/inserts to persist hero spans');
INSERT INTO todo VALUES(45,3,45,NULL,'Expose hero span bindings on PowerupCard and record application');
INSERT INTO todo VALUES(46,3,46,NULL,'Include hero spans in catalog model + selection payloads');
INSERT INTO todo VALUES(47,3,47,NULL,'Add UI controls to edit hero row/col spans and persist to DB');
INSERT INTO todo VALUES(48,3,48,NULL,'Carry hero spans through loadout slots and updatedSlotData events');
INSERT INTO todo VALUES(49,3,49,NULL,'Build BattleCardSidebar component with drag + hero hook-ups');
INSERT INTO todo VALUES(50,3,50,NULL,'Create PowerupHero component w/ dynamic sizing and state');
INSERT INTO todo VALUES(51,3,51,NULL,'Implement PowerupCard data helper bridging UI + DB schema');
INSERT INTO todo VALUES(52,3,52,NULL,'Add createBattleCardSidebarCard factory helper using drag wrapper');
INSERT INTO todo VALUES(53,4,53,14,'Create MatchSetup loader, connect proceed to spawn DebugScene, remove old direct signal usage.');
INSERT INTO todo VALUES(54,4,54,15,'Drop static DebugScene instance and obsolete handler in Main.qml.');
INSERT INTO todo VALUES(55,4,55,14,'Document pendingDebugLoadout property usage for debug gating.');
INSERT INTO todo VALUES(56,4,56,14,'Implement openMatchSetup guard logic.');
INSERT INTO todo VALUES(57,4,57,14,'Support closeMatchSetup tear-down semantics.');
INSERT INTO todo VALUES(58,4,58,14,'Connect MatchSetup proceed flow to DebugScene creation.');
INSERT INTO todo VALUES(59,5,NULL,16,'Ensure MatchSetup loadout passed via Loader to DebugScene without binding reset.');
INSERT INTO todo VALUES(60,5,NULL,17,'Handle provided loadout inside DebugScene and populate player sidebar accordingly.');
INSERT INTO todo VALUES(61,6,NULL,18,'Ensure BattleCardSidebar uses hero entry reference and applies records to cards so loadout shows.');
INSERT INTO todo VALUES(62,6,NULL,19,'Keep dragItem.entry bound to PowerupCard and expose hero separately in factory helper.');
INSERT INTO todo VALUES(63,7,NULL,20,'Have factory return both drag item and hero while keeping entry accessible for drag events.');
INSERT INTO todo VALUES(64,7,NULL,21,'Update BattleCardSidebar to use new factory return type and disable card click handling for drag operations.');
INSERT INTO todo VALUES(65,7,NULL,22,'Make PowerupCard expose a toggle to disable its internal MouseArea for draggable contexts.');
COMMIT;
